"","location_id","Site","Plot","Trt","Year","Date","Name","species","count","prop_150","perc_150","species_name","functional_group","duration","native_status"
"1","DC_1_FASP","DC",1,"FASP",2024,"7/18/2024","Raechel Hunsaker, Joanna Pincock","BRTE",83,0.553,55.333,"Bromus tectorum","cheatgrass","annual","introduced"
"2","DC_1_FASP","DC",1,"FASP",2024,"7/18/2024","Raechel Hunsaker, Joanna Pincock","L",67,0.447,44.667,"litter","litter","",""
"3","DC_1_FASP","DC",1,"FASP",2024,"7/18/2024","Raechel Hunsaker, Joanna Pincock","BG",29,0.193,19.333,"bare ground","bare ground","",""
"4","DC_1_FASP","DC",1,"FASP",2024,"7/18/2024","Raechel Hunsaker, Joanna Pincock","CHDO",9,0.06,6,"Chaenactis douglasii","forb","perennial","native"
"5","DC_1_FASP","DC",1,"FASP",2024,"7/18/2024","Raechel Hunsaker, Joanna Pincock","PHHA",8,0.053,5.333,"Phacelia hastata","forb","perennial","native"
"6","DC_1_FASP","DC",1,"FASP",2024,"7/18/2024","Raechel Hunsaker, Joanna Pincock","PSSP",8,0.053,5.333,"Pseudoroegneria spicata","grass","perennial","native"
"7","DC_1_FASP","DC",1,"FASP",2024,"7/18/2024","Raechel Hunsaker, Joanna Pincock","PUTR",4,0.027,2.667,"Purshia tridentata","shrub","perennial","native"
"8","DC_1_FASP","DC",1,"FASP",2024,"7/18/2024","Raechel Hunsaker, Joanna Pincock","CAMI",3,0.02,2,"Camelina microcarpa","forb","annual","introduced"
"9","DC_1_FASP","DC",1,"FASP",2024,"7/18/2024","Raechel Hunsaker, Joanna Pincock","MIGR",2,0.013,1.333,"Microsteris gracilis","forb","annual","native"
"10","DC_1_FASP","DC",1,"FASP",2024,"7/18/2024","Raechel Hunsaker, Joanna Pincock","W",2,0.013,1.333,"wood","wood","",""
"11","DC_1_FASP","DC",1,"FASP",2024,"7/18/2024","Raechel Hunsaker, Joanna Pincock","BASA",1,0.007,0.667,"Balsamorhiza sagittata","forb","perennial","native"
"12","DC_1_FASP","DC",1,"FASP",2024,"7/18/2024","Raechel Hunsaker, Joanna Pincock","CAGE",1,0.007,0.667,"Carex geyeri ","sedge","perennial","native"
"13","DC_1_FASP","DC",1,"FASP",2024,"7/18/2024","Raechel Hunsaker, Joanna Pincock","CHVI",1,0.007,0.667,"Chrysothamnus viscidiflorus","shrub","perennial","native"
"14","DC_1_FASP","DC",1,"FASP",2024,"7/18/2024","Raechel Hunsaker, Joanna Pincock","COPA",1,0.007,0.667,"Collinsia parviflora","forb","annual","native"
"15","DC_1_FASP","DC",1,"FASP",2024,"7/18/2024","Raechel Hunsaker, Joanna Pincock","CRAC",1,0.007,0.667,"Crepis acuminata","forb","perennial","native"
"16","DC_1_FASP","DC",1,"FASP",2024,"7/18/2024","Raechel Hunsaker, Joanna Pincock","DF",1,0.007,0.667,"dead forb","forb","",""
"17","DC_1_FASP","DC",1,"FASP",2024,"7/18/2024","Raechel Hunsaker, Joanna Pincock","LECI",1,0.007,0.667,"Leymus cinereus","grass","perennial","native"
"18","DC_1_FASP","DC",1,"FASP",2024,"7/18/2024","Raechel Hunsaker, Joanna Pincock","LULE",1,0.007,0.667,"Lupinus leucophyllus ","forb","perennial","native"
"19","DC_1_FASP","DC",1,"FASP",2024,"7/18/2024","Raechel Hunsaker, Joanna Pincock","POSE",1,0.007,0.667,"Poa secunda","grass","perennial","native"
"20","DC_1_FASP","DC",1,"FASP",2024,"7/18/2024","Raechel Hunsaker, Joanna Pincock","SCAN",1,0.007,0.667,"Scuttelaria angustifolia ","forb","annual","native"
"21","DC_1_FASP","DC",1,"FASP",2024,"7/18/2024","Raechel Hunsaker, Joanna Pincock","SIAL",1,0.007,0.667,"Sisymbrium altissimum","forb","annual","introduced"
"22","DC_2_FASP","DC",2,"FASP",2024,"7/18/2024","Sylvia Duke, Kloe Walter","L",65,0.433,43.333,"litter","litter","",""
"23","DC_2_FASP","DC",2,"FASP",2024,"7/18/2024","Sylvia Duke, Kloe Walter","BRTE",47,0.313,31.333,"Bromus tectorum","cheatgrass","annual","introduced"
"24","DC_2_FASP","DC",2,"FASP",2024,"7/18/2024","Sylvia Duke, Kloe Walter","BG",35,0.233,23.333,"bare ground","bare ground","",""
"25","DC_2_FASP","DC",2,"FASP",2024,"7/18/2024","Sylvia Duke, Kloe Walter","LECI",16,0.107,10.667,"Leymus cinereus","grass","perennial","native"
"26","DC_2_FASP","DC",2,"FASP",2024,"7/18/2024","Sylvia Duke, Kloe Walter","PSSP",9,0.06,6,"Pseudoroegneria spicata","grass","perennial","native"
"27","DC_2_FASP","DC",2,"FASP",2024,"7/18/2024","Sylvia Duke, Kloe Walter","PUTR",5,0.033,3.333,"Purshia tridentata","shrub","perennial","native"
"28","DC_2_FASP","DC",2,"FASP",2024,"7/18/2024","Sylvia Duke, Kloe Walter","CAMI",2,0.013,1.333,"Camelina microcarpa","forb","annual","introduced"
"29","DC_2_FASP","DC",2,"FASP",2024,"7/18/2024","Sylvia Duke, Kloe Walter","LULE",2,0.013,1.333,"Lupinus leucophyllus ","forb","perennial","native"
"30","DC_2_FASP","DC",2,"FASP",2024,"7/18/2024","Sylvia Duke, Kloe Walter","MARE",2,0.013,1.333,"Mahonia repens","shrub","perennial","native"
"31","DC_2_FASP","DC",2,"FASP",2024,"7/18/2024","Sylvia Duke, Kloe Walter","PHHA",2,0.013,1.333,"Phacelia hastata","forb","perennial","native"
"32","DC_2_FASP","DC",2,"FASP",2024,"7/18/2024","Sylvia Duke, Kloe Walter","SANI",2,0.013,1.333,"Sambucus nigra","shrub","perennial","native"
"33","DC_2_FASP","DC",2,"FASP",2024,"7/18/2024","Sylvia Duke, Kloe Walter","W",2,0.013,1.333,"wood","wood","",""
"34","DC_2_FASP","DC",2,"FASP",2024,"7/18/2024","Sylvia Duke, Kloe Walter","CHDO",1,0.007,0.667,"Chaenactis douglasii","forb","perennial","native"
"35","DC_2_FASP","DC",2,"FASP",2024,"7/18/2024","Sylvia Duke, Kloe Walter","CIUN",1,0.007,0.667,"Cirsium undulatum","forb","perennial","native"
"36","DC_2_FASP","DC",2,"FASP",2024,"7/18/2024","Sylvia Duke, Kloe Walter","MAGR",1,0.007,0.667,"Madia gracilis","forb","annual","native"
"37","DC_2_FASP","DC",2,"FASP",2024,"7/18/2024","Sylvia Duke, Kloe Walter","POSE",1,0.007,0.667,"Poa secunda","grass","perennial","native"
"38","DC_2_FASP","DC",2,"FASP",2024,"7/18/2024","Sylvia Duke, Kloe Walter","PRVI",1,0.007,0.667,"Prunus virginiana","shrub","perennial","native"
"39","DC_2_FASP","DC",2,"FASP",2024,"7/18/2024","Sylvia Duke, Kloe Walter","SIAL",1,0.007,0.667,"Sisymbrium altissimum","forb","annual","introduced"
"40","DC_2_FASP","DC",2,"FASP",2024,"7/18/2024","Sylvia Duke, Kloe Walter","TRDU",1,0.007,0.667,"Tragopogon dubius","forb","annual","introduced"
"41","DC_3_FASP","DC",3,"FASP",2024,"7/15/2024","Kloe Walter, Kelly Hopping","BRTE",67,0.447,44.667,"Bromus tectorum","cheatgrass","annual","introduced"
"42","DC_3_FASP","DC",3,"FASP",2024,"7/15/2024","Kloe Walter, Kelly Hopping","L",66,0.44,44,"litter","litter","",""
"43","DC_3_FASP","DC",3,"FASP",2024,"7/15/2024","Kloe Walter, Kelly Hopping","BG",30,0.2,20,"bare ground","bare ground","",""
"44","DC_3_FASP","DC",3,"FASP",2024,"7/15/2024","Kloe Walter, Kelly Hopping","POSE",26,0.173,17.333,"Poa secunda","grass","perennial","native"
"45","DC_3_FASP","DC",3,"FASP",2024,"7/15/2024","Kloe Walter, Kelly Hopping","PHHA",6,0.04,4,"Phacelia hastata","forb","perennial","native"
"46","DC_3_FASP","DC",3,"FASP",2024,"7/15/2024","Kloe Walter, Kelly Hopping","VETH",4,0.027,2.667,"Verbascum thapsus","forb","perennial","introduced"
"47","DC_3_FASP","DC",3,"FASP",2024,"7/15/2024","Kloe Walter, Kelly Hopping","CAMI",3,0.02,2,"Camelina microcarpa","forb","annual","introduced"
"48","DC_3_FASP","DC",3,"FASP",2024,"7/15/2024","Kloe Walter, Kelly Hopping","LECI",3,0.02,2,"Leymus cinereus","grass","perennial","native"
"49","DC_3_FASP","DC",3,"FASP",2024,"7/15/2024","Kloe Walter, Kelly Hopping","TRDU",3,0.02,2,"Tragopogon dubius","forb","annual","introduced"
"50","DC_3_FASP","DC",3,"FASP",2024,"7/15/2024","Kloe Walter, Kelly Hopping","PUTR",2,0.013,1.333,"Purshia tridentata","shrub","perennial","native"
"51","DC_3_FASP","DC",3,"FASP",2024,"7/15/2024","Kloe Walter, Kelly Hopping","ARTR",1,0.007,0.667,"Artemisia tridentata vaseyana","shrub","perennial","native"
"52","DC_3_FASP","DC",3,"FASP",2024,"7/15/2024","Kloe Walter, Kelly Hopping","PSSP",1,0.007,0.667,"Pseudoroegneria spicata","grass","perennial","native"
"53","DC_3_FASP","DC",3,"FASP",2024,"7/15/2024","Kloe Walter, Kelly Hopping","W",1,0.007,0.667,"wood","wood","",""
"54","DC_4_FASP","DC",4,"FASP",2024,"7/15/2024","Kloe Walter, Kelly Hopping","L",85,0.567,56.667,"litter","litter","",""
"55","DC_4_FASP","DC",4,"FASP",2024,"7/15/2024","Kloe Walter, Kelly Hopping","BRTE",75,0.5,50,"Bromus tectorum","cheatgrass","annual","introduced"
"56","DC_4_FASP","DC",4,"FASP",2024,"7/15/2024","Kloe Walter, Kelly Hopping","BG",23,0.153,15.333,"bare ground","bare ground","",""
"57","DC_4_FASP","DC",4,"FASP",2024,"7/15/2024","Kloe Walter, Kelly Hopping","VETH",22,0.147,14.667,"Verbascum thapsus","forb","perennial","introduced"
"58","DC_4_FASP","DC",4,"FASP",2024,"7/15/2024","Kloe Walter, Kelly Hopping","PRVI",8,0.053,5.333,"Prunus virginiana","shrub","perennial","native"
"59","DC_4_FASP","DC",4,"FASP",2024,"7/15/2024","Kloe Walter, Kelly Hopping","EPBR",4,0.027,2.667,"Epilobium brachycarpum ","forb","annual","native"
"60","DC_4_FASP","DC",4,"FASP",2024,"7/15/2024","Kloe Walter, Kelly Hopping","PHHA",4,0.027,2.667,"Phacelia hastata","forb","perennial","native"
"61","DC_4_FASP","DC",4,"FASP",2024,"7/15/2024","Kloe Walter, Kelly Hopping","PUTR",4,0.027,2.667,"Purshia tridentata","shrub","perennial","native"
"62","DC_4_FASP","DC",4,"FASP",2024,"7/15/2024","Kloe Walter, Kelly Hopping","POSE",3,0.02,2,"Poa secunda","grass","perennial","native"
"63","DC_4_FASP","DC",4,"FASP",2024,"7/15/2024","Kloe Walter, Kelly Hopping","SYRO",3,0.02,2,"Symphoricarpos rotundifolius","shrub","perennial","native"
"64","DC_4_FASP","DC",4,"FASP",2024,"7/15/2024","Kloe Walter, Kelly Hopping","ARTR",2,0.013,1.333,"Artemisia tridentata vaseyana","shrub","perennial","native"
"65","DC_4_FASP","DC",4,"FASP",2024,"7/15/2024","Kloe Walter, Kelly Hopping","AMAL",1,0.007,0.667,"Amelanchier alnifolia","shrub","perennial","native"
"66","DC_4_FASP","DC",4,"FASP",2024,"7/15/2024","Kloe Walter, Kelly Hopping","CAMI",1,0.007,0.667,"Camelina microcarpa","forb","annual","introduced"
"67","DC_4_FASP","DC",4,"FASP",2024,"7/15/2024","Kloe Walter, Kelly Hopping","CHDO",1,0.007,0.667,"Chaenactis douglasii","forb","perennial","native"
"68","DC_4_FASP","DC",4,"FASP",2024,"7/15/2024","Kloe Walter, Kelly Hopping","DF",1,0.007,0.667,"dead forb","forb","",""
"69","DC_4_FASP","DC",4,"FASP",2024,"7/15/2024","Kloe Walter, Kelly Hopping","DICA",1,0.007,0.667,"Dieteria canescens","forb","perennial","native"
"70","DC_4_FASP","DC",4,"FASP",2024,"7/15/2024","Kloe Walter, Kelly Hopping","LALO",1,0.007,0.667,"Lappula longispina","forb","annual","native"
"71","DC_4_FASP","DC",4,"FASP",2024,"7/15/2024","Kloe Walter, Kelly Hopping","LODI",1,0.007,0.667,"Lomatium dissectum ","forb","perennial","native"
"72","DC_4_FASP","DC",4,"FASP",2024,"7/15/2024","Kloe Walter, Kelly Hopping","PSSP",1,0.007,0.667,"Pseudoroegneria spicata","grass","perennial","native"
"73","DC_5_SP","DC",5,"SP",2024,"7/9/2024","Raechel Hunsaker, Kelly Hopping","L",90,0.6,60,"litter","litter","",""
"74","DC_5_SP","DC",5,"SP",2024,"7/9/2024","Raechel Hunsaker, Kelly Hopping","BRTE",51,0.34,34,"Bromus tectorum","cheatgrass","annual","introduced"
"75","DC_5_SP","DC",5,"SP",2024,"7/9/2024","Raechel Hunsaker, Kelly Hopping","BG",22,0.147,14.667,"bare ground","bare ground","",""
"76","DC_5_SP","DC",5,"SP",2024,"7/9/2024","Raechel Hunsaker, Kelly Hopping","TRDU",18,0.12,12,"Tragopogon dubius","forb","annual","introduced"
"77","DC_5_SP","DC",5,"SP",2024,"7/9/2024","Raechel Hunsaker, Kelly Hopping","PSSP",13,0.087,8.667,"Pseudoroegneria spicata","grass","perennial","native"
"78","DC_5_SP","DC",5,"SP",2024,"7/9/2024","Raechel Hunsaker, Kelly Hopping","POSE",11,0.073,7.333,"Poa secunda","grass","perennial","native"
"79","DC_5_SP","DC",5,"SP",2024,"7/9/2024","Raechel Hunsaker, Kelly Hopping","SYRO",9,0.06,6,"Symphoricarpos rotundifolius","shrub","perennial","native"
"80","DC_5_SP","DC",5,"SP",2024,"7/9/2024","Raechel Hunsaker, Kelly Hopping","LECI",8,0.053,5.333,"Leymus cinereus","grass","perennial","native"
"81","DC_5_SP","DC",5,"SP",2024,"7/9/2024","Raechel Hunsaker, Kelly Hopping","PUTR",7,0.047,4.667,"Purshia tridentata","shrub","perennial","native"
"82","DC_5_SP","DC",5,"SP",2024,"7/9/2024","Raechel Hunsaker, Kelly Hopping","CEVE",3,0.02,2,"Ceanothus velutinus","shrub","perennial","native"
"83","DC_5_SP","DC",5,"SP",2024,"7/9/2024","Raechel Hunsaker, Kelly Hopping","EPBR",3,0.02,2,"Epilobium brachycarpum ","forb","annual","native"
"84","DC_5_SP","DC",5,"SP",2024,"7/9/2024","Raechel Hunsaker, Kelly Hopping","PHHO",3,0.02,2,"Phlox hoodii","forb","perennial","native"
"85","DC_5_SP","DC",5,"SP",2024,"7/9/2024","Raechel Hunsaker, Kelly Hopping","COPA",2,0.013,1.333,"Collinsia parviflora","forb","annual","native"
"86","DC_5_SP","DC",5,"SP",2024,"7/9/2024","Raechel Hunsaker, Kelly Hopping","AGGL",1,0.007,0.667,"Agoseris glauca","forb","perennial","native"
"87","DC_5_SP","DC",5,"SP",2024,"7/9/2024","Raechel Hunsaker, Kelly Hopping","ARTR",1,0.007,0.667,"Artemisia tridentata vaseyana","shrub","perennial","native"
"88","DC_5_SP","DC",5,"SP",2024,"7/9/2024","Raechel Hunsaker, Kelly Hopping","BOCO",1,0.007,0.667,"Boechera collinsii","forb","perennial","native"
"89","DC_5_SP","DC",5,"SP",2024,"7/9/2024","Raechel Hunsaker, Kelly Hopping","CAGE",1,0.007,0.667,"Carex geyeri ","sedge","perennial","native"
"90","DC_5_SP","DC",5,"SP",2024,"7/9/2024","Raechel Hunsaker, Kelly Hopping","DF",1,0.007,0.667,"dead forb","forb","",""
"91","DC_5_SP","DC",5,"SP",2024,"7/9/2024","Raechel Hunsaker, Kelly Hopping","PHHA",1,0.007,0.667,"Phacelia hastata","forb","perennial","native"
"92","DC_5_SP","DC",5,"SP",2024,"7/9/2024","Raechel Hunsaker, Kelly Hopping","SIAL",1,0.007,0.667,"Sisymbrium altissimum","forb","annual","introduced"
"93","DC_5_SP","DC",5,"SP",2024,"7/9/2024","Raechel Hunsaker, Kelly Hopping","VETH",1,0.007,0.667,"Verbascum thapsus","forb","perennial","introduced"
"94","DC_6_SP","DC",6,"SP",2024,"7/9/2024","Raechel Hunsaker, Kelly Hopping","L",100,0.667,66.667,"litter","litter","",""
"95","DC_6_SP","DC",6,"SP",2024,"7/9/2024","Raechel Hunsaker, Kelly Hopping","BRTE",64,0.427,42.667,"Bromus tectorum","cheatgrass","annual","introduced"
"96","DC_6_SP","DC",6,"SP",2024,"7/9/2024","Raechel Hunsaker, Kelly Hopping","PSSP",33,0.22,22,"Pseudoroegneria spicata","grass","perennial","native"
"97","DC_6_SP","DC",6,"SP",2024,"7/9/2024","Raechel Hunsaker, Kelly Hopping","TRDU",17,0.113,11.333,"Tragopogon dubius","forb","annual","introduced"
"98","DC_6_SP","DC",6,"SP",2024,"7/9/2024","Raechel Hunsaker, Kelly Hopping","LECI",14,0.093,9.333,"Leymus cinereus","grass","perennial","native"
"99","DC_6_SP","DC",6,"SP",2024,"7/9/2024","Raechel Hunsaker, Kelly Hopping","SYRO",14,0.093,9.333,"Symphoricarpos rotundifolius","shrub","perennial","native"
"100","DC_6_SP","DC",6,"SP",2024,"7/9/2024","Raechel Hunsaker, Kelly Hopping","BG",12,0.08,8,"bare ground","bare ground","",""
"101","DC_6_SP","DC",6,"SP",2024,"7/9/2024","Raechel Hunsaker, Kelly Hopping","COPA",10,0.067,6.667,"Collinsia parviflora","forb","annual","native"
"102","DC_6_SP","DC",6,"SP",2024,"7/9/2024","Raechel Hunsaker, Kelly Hopping","PRVI",10,0.067,6.667,"Prunus virginiana","shrub","perennial","native"
"103","DC_6_SP","DC",6,"SP",2024,"7/9/2024","Raechel Hunsaker, Kelly Hopping","BRSI",5,0.033,3.333,"Bromus sitchensis","grass","perennial","native"
"104","DC_6_SP","DC",6,"SP",2024,"7/9/2024","Raechel Hunsaker, Kelly Hopping","CAGE",5,0.033,3.333,"Carex geyeri ","sedge","perennial","native"
"105","DC_6_SP","DC",6,"SP",2024,"7/9/2024","Raechel Hunsaker, Kelly Hopping","GEVI",4,0.027,2.667,"Geranium viscosissimum","forb","perennial","native"
"106","DC_6_SP","DC",6,"SP",2024,"7/9/2024","Raechel Hunsaker, Kelly Hopping","HISC",4,0.027,2.667,"Hieracium scouleri","forb","perennial","native"
"107","DC_6_SP","DC",6,"SP",2024,"7/9/2024","Raechel Hunsaker, Kelly Hopping","W",3,0.02,2,"wood","wood","",""
"108","DC_6_SP","DC",6,"SP",2024,"7/9/2024","Raechel Hunsaker, Kelly Hopping","ILRI",2,0.013,1.333,"Iliamna rivularis","forb","perennial","native"
"109","DC_6_SP","DC",6,"SP",2024,"7/9/2024","Raechel Hunsaker, Kelly Hopping","POCU",2,0.013,1.333,"Poa cusickii","grass","perennial","native"
"110","DC_6_SP","DC",6,"SP",2024,"7/9/2024","Raechel Hunsaker, Kelly Hopping","PUTR",2,0.013,1.333,"Purshia tridentata","shrub","perennial","native"
"111","DC_6_SP","DC",6,"SP",2024,"7/9/2024","Raechel Hunsaker, Kelly Hopping","RIVI",2,0.013,1.333,"Ribes viscosissimum","shrub","perennial","native"
"112","DC_6_SP","DC",6,"SP",2024,"7/9/2024","Raechel Hunsaker, Kelly Hopping","BORE",1,0.007,0.667,"Boechera retrofracta","forb","perennial","native"
"113","DC_6_SP","DC",6,"SP",2024,"7/9/2024","Raechel Hunsaker, Kelly Hopping","DEIN",1,0.007,0.667,"Descurainia incana","forb","perennial","native"
"114","DC_6_SP","DC",6,"SP",2024,"7/9/2024","Raechel Hunsaker, Kelly Hopping","DF",1,0.007,0.667,"dead forb","forb","",""
"115","DC_6_SP","DC",6,"SP",2024,"7/9/2024","Raechel Hunsaker, Kelly Hopping","DRAR",1,0.007,0.667,"Drymocallis arguta ","forb","perennial","native"
"116","DC_6_SP","DC",6,"SP",2024,"7/9/2024","Raechel Hunsaker, Kelly Hopping","DS",1,0.007,0.667,"dead shrub","shrub","",""
"117","DC_6_SP","DC",6,"SP",2024,"7/9/2024","Raechel Hunsaker, Kelly Hopping","EPBR",1,0.007,0.667,"Epilobium brachycarpum ","forb","annual","native"
"118","DC_6_SP","DC",6,"SP",2024,"7/9/2024","Raechel Hunsaker, Kelly Hopping","LASE",1,0.007,0.667,"Lactuca serriola","forb","annual","introduced"
"119","DC_7_SP","DC",7,"SP",2024,"7/10/2024","Sylvia Duke, Kelly Hopping","BRTE",74,0.493,49.333,"Bromus tectorum","cheatgrass","annual","introduced"
"120","DC_7_SP","DC",7,"SP",2024,"7/10/2024","Sylvia Duke, Kelly Hopping","L",43,0.287,28.667,"litter","litter","",""
"121","DC_7_SP","DC",7,"SP",2024,"7/10/2024","Sylvia Duke, Kelly Hopping","BG",33,0.22,22,"bare ground","bare ground","",""
"122","DC_7_SP","DC",7,"SP",2024,"7/10/2024","Sylvia Duke, Kelly Hopping","PSSP",12,0.08,8,"Pseudoroegneria spicata","grass","perennial","native"
"123","DC_7_SP","DC",7,"SP",2024,"7/10/2024","Sylvia Duke, Kelly Hopping","SYRO",9,0.06,6,"Symphoricarpos rotundifolius","shrub","perennial","native"
"124","DC_7_SP","DC",7,"SP",2024,"7/10/2024","Sylvia Duke, Kelly Hopping","TRDU",5,0.033,3.333,"Tragopogon dubius","forb","annual","introduced"
"125","DC_7_SP","DC",7,"SP",2024,"7/10/2024","Sylvia Duke, Kelly Hopping","COPA",4,0.027,2.667,"Collinsia parviflora","forb","annual","native"
"126","DC_7_SP","DC",7,"SP",2024,"7/10/2024","Sylvia Duke, Kelly Hopping","POSE",4,0.027,2.667,"Poa secunda","grass","perennial","native"
"127","DC_7_SP","DC",7,"SP",2024,"7/10/2024","Sylvia Duke, Kelly Hopping","TECA",4,0.027,2.667,"Tetradymia canescens","shrub","perennial","native"
"128","DC_7_SP","DC",7,"SP",2024,"7/10/2024","Sylvia Duke, Kelly Hopping","CHVI",3,0.02,2,"Chrysothamnus viscidiflorus","shrub","perennial","native"
"129","DC_7_SP","DC",7,"SP",2024,"7/10/2024","Sylvia Duke, Kelly Hopping","LUAR",3,0.02,2,"Lupinus argenteus var. holosericeus ","forb","perennial","native"
"130","DC_7_SP","DC",7,"SP",2024,"7/10/2024","Sylvia Duke, Kelly Hopping","EPBR",2,0.013,1.333,"Epilobium brachycarpum ","forb","annual","native"
"131","DC_7_SP","DC",7,"SP",2024,"7/10/2024","Sylvia Duke, Kelly Hopping","ERUM",2,0.013,1.333,"Eriogonum umbellatum","forb","perennial","native"
"132","DC_7_SP","DC",7,"SP",2024,"7/10/2024","Sylvia Duke, Kelly Hopping","PHHA",2,0.013,1.333,"Phacelia hastata","forb","perennial","native"
"133","DC_7_SP","DC",7,"SP",2024,"7/10/2024","Sylvia Duke, Kelly Hopping","BASA",1,0.007,0.667,"Balsamorhiza sagittata","forb","perennial","native"
"134","DC_7_SP","DC",7,"SP",2024,"7/10/2024","Sylvia Duke, Kelly Hopping","BRSI",1,0.007,0.667,"Bromus sitchensis","grass","perennial","native"
"135","DC_7_SP","DC",7,"SP",2024,"7/10/2024","Sylvia Duke, Kelly Hopping","ERHE",1,0.007,0.667,"Eriogonum heracleoides","forb","perennial","native"
"136","DC_7_SP","DC",7,"SP",2024,"7/10/2024","Sylvia Duke, Kelly Hopping","ERNA",1,0.007,0.667,"Ericameria nauseosa","shrub","perennial","native"
"137","DC_7_SP","DC",7,"SP",2024,"7/10/2024","Sylvia Duke, Kelly Hopping","HISC",1,0.007,0.667,"Hieracium scouleri","forb","perennial","native"
"138","DC_7_SP","DC",7,"SP",2024,"7/10/2024","Sylvia Duke, Kelly Hopping","LECI",1,0.007,0.667,"Leymus cinereus","grass","perennial","native"
"139","DC_7_SP","DC",7,"SP",2024,"7/10/2024","Sylvia Duke, Kelly Hopping","PRVI",1,0.007,0.667,"Prunus virginiana","shrub","perennial","native"
"140","DC_7_SP","DC",7,"SP",2024,"7/10/2024","Sylvia Duke, Kelly Hopping","PUTR",1,0.007,0.667,"Purshia tridentata","shrub","perennial","native"
"141","DC_8_SP","DC",8,"SP",2024,"7/10/2024","Sylvia Duke, Kelly Hopping","BRTE",60,0.4,40,"Bromus tectorum","cheatgrass","annual","introduced"
"142","DC_8_SP","DC",8,"SP",2024,"7/10/2024","Sylvia Duke, Kelly Hopping","BG",46,0.307,30.667,"bare ground","bare ground","",""
"143","DC_8_SP","DC",8,"SP",2024,"7/10/2024","Sylvia Duke, Kelly Hopping","L",34,0.227,22.667,"litter","litter","",""
"144","DC_8_SP","DC",8,"SP",2024,"7/10/2024","Sylvia Duke, Kelly Hopping","POSE",12,0.08,8,"Poa secunda","grass","perennial","native"
"145","DC_8_SP","DC",8,"SP",2024,"7/10/2024","Sylvia Duke, Kelly Hopping","TRDU",8,0.053,5.333,"Tragopogon dubius","forb","annual","introduced"
"146","DC_8_SP","DC",8,"SP",2024,"7/10/2024","Sylvia Duke, Kelly Hopping","PSSP",7,0.047,4.667,"Pseudoroegneria spicata","grass","perennial","native"
"147","DC_8_SP","DC",8,"SP",2024,"7/10/2024","Sylvia Duke, Kelly Hopping","PUTR",7,0.047,4.667,"Purshia tridentata","shrub","perennial","native"
"148","DC_8_SP","DC",8,"SP",2024,"7/10/2024","Sylvia Duke, Kelly Hopping","SYRO",6,0.04,4,"Symphoricarpos rotundifolius","shrub","perennial","native"
"149","DC_8_SP","DC",8,"SP",2024,"7/10/2024","Sylvia Duke, Kelly Hopping","CHDO",4,0.027,2.667,"Chaenactis douglasii","forb","perennial","native"
"150","DC_8_SP","DC",8,"SP",2024,"7/10/2024","Sylvia Duke, Kelly Hopping","LECI",4,0.027,2.667,"Leymus cinereus","grass","perennial","native"
"151","DC_8_SP","DC",8,"SP",2024,"7/10/2024","Sylvia Duke, Kelly Hopping","W",4,0.027,2.667,"wood","wood","",""
"152","DC_8_SP","DC",8,"SP",2024,"7/10/2024","Sylvia Duke, Kelly Hopping","CEVE",1,0.007,0.667,"Ceanothus velutinus","shrub","perennial","native"
"153","DC_8_SP","DC",8,"SP",2024,"7/10/2024","Sylvia Duke, Kelly Hopping","CHVI",1,0.007,0.667,"Chrysothamnus viscidiflorus","shrub","perennial","native"
"154","DC_8_SP","DC",8,"SP",2024,"7/10/2024","Sylvia Duke, Kelly Hopping","DT",1,0.007,0.667,"dead tree","tree","",""
"155","DC_8_SP","DC",8,"SP",2024,"7/10/2024","Sylvia Duke, Kelly Hopping","ERNA",1,0.007,0.667,"Ericameria nauseosa","shrub","perennial","native"
"156","DC_8_SP","DC",8,"SP",2024,"7/10/2024","Sylvia Duke, Kelly Hopping","LASE",1,0.007,0.667,"Lactuca serriola","forb","annual","introduced"
"157","DC_8_SP","DC",8,"SP",2024,"7/10/2024","Sylvia Duke, Kelly Hopping","PHHA",1,0.007,0.667,"Phacelia hastata","forb","perennial","native"
"158","DC_9_SU","DC",9,"SU",2024,"7/16/2024","Raechel Hunsaker, Joanna Pincock","L",127,0.847,84.667,"litter","litter","",""
"159","DC_9_SU","DC",9,"SU",2024,"7/16/2024","Raechel Hunsaker, Joanna Pincock","BRTE",103,0.687,68.667,"Bromus tectorum","cheatgrass","annual","introduced"
"160","DC_9_SU","DC",9,"SU",2024,"7/16/2024","Raechel Hunsaker, Joanna Pincock","LECI",25,0.167,16.667,"Leymus cinereus","grass","perennial","native"
"161","DC_9_SU","DC",9,"SU",2024,"7/16/2024","Raechel Hunsaker, Joanna Pincock","POSE",17,0.113,11.333,"Poa secunda","grass","perennial","native"
"162","DC_9_SU","DC",9,"SU",2024,"7/16/2024","Raechel Hunsaker, Joanna Pincock","EPBR",16,0.107,10.667,"Epilobium brachycarpum ","forb","annual","native"
"163","DC_9_SU","DC",9,"SU",2024,"7/16/2024","Raechel Hunsaker, Joanna Pincock","TRDU",14,0.093,9.333,"Tragopogon dubius","forb","annual","introduced"
"164","DC_9_SU","DC",9,"SU",2024,"7/16/2024","Raechel Hunsaker, Joanna Pincock","LALO",7,0.047,4.667,"Lappula longispina","forb","annual","native"
"165","DC_9_SU","DC",9,"SU",2024,"7/16/2024","Raechel Hunsaker, Joanna Pincock","LASE",7,0.047,4.667,"Lactuca serriola","forb","annual","introduced"
"166","DC_9_SU","DC",9,"SU",2024,"7/16/2024","Raechel Hunsaker, Joanna Pincock","PUTR",6,0.04,4,"Purshia tridentata","shrub","perennial","native"
"167","DC_9_SU","DC",9,"SU",2024,"7/16/2024","Raechel Hunsaker, Joanna Pincock","BG",5,0.033,3.333,"bare ground","bare ground","",""
"168","DC_9_SU","DC",9,"SU",2024,"7/16/2024","Raechel Hunsaker, Joanna Pincock","PSSP",5,0.033,3.333,"Pseudoroegneria spicata","grass","perennial","native"
"169","DC_9_SU","DC",9,"SU",2024,"7/16/2024","Raechel Hunsaker, Joanna Pincock","SYRO",5,0.033,3.333,"Symphoricarpos rotundifolius","shrub","perennial","native"
"170","DC_9_SU","DC",9,"SU",2024,"7/16/2024","Raechel Hunsaker, Joanna Pincock","BRSI",4,0.027,2.667,"Bromus sitchensis","grass","perennial","native"
"171","DC_9_SU","DC",9,"SU",2024,"7/16/2024","Raechel Hunsaker, Joanna Pincock","DF",3,0.02,2,"dead forb","forb","",""
"172","DC_9_SU","DC",9,"SU",2024,"7/16/2024","Raechel Hunsaker, Joanna Pincock","W",3,0.02,2,"wood","wood","",""
"173","DC_9_SU","DC",9,"SU",2024,"7/16/2024","Raechel Hunsaker, Joanna Pincock","CAGE",2,0.013,1.333,"Carex geyeri ","sedge","perennial","native"
"174","DC_9_SU","DC",9,"SU",2024,"7/16/2024","Raechel Hunsaker, Joanna Pincock","CHDO",2,0.013,1.333,"Chaenactis douglasii","forb","perennial","native"
"175","DC_9_SU","DC",9,"SU",2024,"7/16/2024","Raechel Hunsaker, Joanna Pincock","COPA",2,0.013,1.333,"Collinsia parviflora","forb","annual","native"
"176","DC_9_SU","DC",9,"SU",2024,"7/16/2024","Raechel Hunsaker, Joanna Pincock","LEVI",2,0.013,1.333,"Lepidium virginicum","forb","perennial","native"
"177","DC_9_SU","DC",9,"SU",2024,"7/16/2024","Raechel Hunsaker, Joanna Pincock","ARTR",1,0.007,0.667,"Artemisia tridentata vaseyana","shrub","perennial","native"
"178","DC_9_SU","DC",9,"SU",2024,"7/16/2024","Raechel Hunsaker, Joanna Pincock","GADI",1,0.007,0.667,"Gayophytum diffusum ","forb","annual","native"
"179","DC_9_SU","DC",9,"SU",2024,"7/16/2024","Raechel Hunsaker, Joanna Pincock","GEVI",1,0.007,0.667,"Geranium viscosissimum","forb","perennial","native"
"180","DC_9_SU","DC",9,"SU",2024,"7/16/2024","Raechel Hunsaker, Joanna Pincock","ILRI",1,0.007,0.667,"Iliamna rivularis","forb","perennial","native"
"181","DC_9_SU","DC",9,"SU",2024,"7/16/2024","Raechel Hunsaker, Joanna Pincock","PRVI",1,0.007,0.667,"Prunus virginiana","shrub","perennial","native"
"182","DC_9_SU","DC",9,"SU",2024,"7/16/2024","Raechel Hunsaker, Joanna Pincock","SCAN",1,0.007,0.667,"Scuttelaria angustifolia ","forb","annual","native"
"183","DC_10_SU","DC",10,"SU",2024,"7/16/2024","Raechel Hunsaker, Joanna Pincock","L",118,0.787,78.667,"litter","litter","",""
"184","DC_10_SU","DC",10,"SU",2024,"7/16/2024","Raechel Hunsaker, Joanna Pincock","BRTE",77,0.513,51.333,"Bromus tectorum","cheatgrass","annual","introduced"
"185","DC_10_SU","DC",10,"SU",2024,"7/16/2024","Raechel Hunsaker, Joanna Pincock","SYRO",25,0.167,16.667,"Symphoricarpos rotundifolius","shrub","perennial","native"
"186","DC_10_SU","DC",10,"SU",2024,"7/16/2024","Raechel Hunsaker, Joanna Pincock","LECI",17,0.113,11.333,"Leymus cinereus","grass","perennial","native"
"187","DC_10_SU","DC",10,"SU",2024,"7/16/2024","Raechel Hunsaker, Joanna Pincock","POSE",16,0.107,10.667,"Poa secunda","grass","perennial","native"
"188","DC_10_SU","DC",10,"SU",2024,"7/16/2024","Raechel Hunsaker, Joanna Pincock","EPBR",10,0.067,6.667,"Epilobium brachycarpum ","forb","annual","native"
"189","DC_10_SU","DC",10,"SU",2024,"7/16/2024","Raechel Hunsaker, Joanna Pincock","PSSP",9,0.06,6,"Pseudoroegneria spicata","grass","perennial","native"
"190","DC_10_SU","DC",10,"SU",2024,"7/16/2024","Raechel Hunsaker, Joanna Pincock","PUTR",9,0.06,6,"Purshia tridentata","shrub","perennial","native"
"191","DC_10_SU","DC",10,"SU",2024,"7/16/2024","Raechel Hunsaker, Joanna Pincock","PHHA",8,0.053,5.333,"Phacelia hastata","forb","perennial","native"
"192","DC_10_SU","DC",10,"SU",2024,"7/16/2024","Raechel Hunsaker, Joanna Pincock","TRDU",8,0.053,5.333,"Tragopogon dubius","forb","annual","introduced"
"193","DC_10_SU","DC",10,"SU",2024,"7/16/2024","Raechel Hunsaker, Joanna Pincock","BG",6,0.04,4,"bare ground","bare ground","",""
"194","DC_10_SU","DC",10,"SU",2024,"7/16/2024","Raechel Hunsaker, Joanna Pincock","CHDO",5,0.033,3.333,"Chaenactis douglasii","forb","perennial","native"
"195","DC_10_SU","DC",10,"SU",2024,"7/16/2024","Raechel Hunsaker, Joanna Pincock","COPA",5,0.033,3.333,"Collinsia parviflora","forb","annual","native"
"196","DC_10_SU","DC",10,"SU",2024,"7/16/2024","Raechel Hunsaker, Joanna Pincock","DF",4,0.027,2.667,"dead forb","forb","",""
"197","DC_10_SU","DC",10,"SU",2024,"7/16/2024","Raechel Hunsaker, Joanna Pincock","ILRI",2,0.013,1.333,"Iliamna rivularis","forb","perennial","native"
"198","DC_10_SU","DC",10,"SU",2024,"7/16/2024","Raechel Hunsaker, Joanna Pincock","LASE",2,0.013,1.333,"Lactuca serriola","forb","annual","introduced"
"199","DC_10_SU","DC",10,"SU",2024,"7/16/2024","Raechel Hunsaker, Joanna Pincock","ARTR",1,0.007,0.667,"Artemisia tridentata vaseyana","shrub","perennial","native"
"200","DC_10_SU","DC",10,"SU",2024,"7/16/2024","Raechel Hunsaker, Joanna Pincock","BASA",1,0.007,0.667,"Balsamorhiza sagittata","forb","perennial","native"
"201","DC_10_SU","DC",10,"SU",2024,"7/16/2024","Raechel Hunsaker, Joanna Pincock","LALO",1,0.007,0.667,"Lappula longispina","forb","annual","native"
"202","DC_10_SU","DC",10,"SU",2024,"7/16/2024","Raechel Hunsaker, Joanna Pincock","SIAL",1,0.007,0.667,"Sisymbrium altissimum","forb","annual","introduced"
"203","DC_11_SU","DC",11,"SU",2024,"7/17/2024","Raechel Hunsaker, Joanna Pincock","L",94,0.627,62.667,"litter","litter","",""
"204","DC_11_SU","DC",11,"SU",2024,"7/17/2024","Raechel Hunsaker, Joanna Pincock","BRTE",62,0.413,41.333,"Bromus tectorum","cheatgrass","annual","introduced"
"205","DC_11_SU","DC",11,"SU",2024,"7/17/2024","Raechel Hunsaker, Joanna Pincock","PUTR",25,0.167,16.667,"Purshia tridentata","shrub","perennial","native"
"206","DC_11_SU","DC",11,"SU",2024,"7/17/2024","Raechel Hunsaker, Joanna Pincock","BG",19,0.127,12.667,"bare ground","bare ground","",""
"207","DC_11_SU","DC",11,"SU",2024,"7/17/2024","Raechel Hunsaker, Joanna Pincock","COPA",14,0.093,9.333,"Collinsia parviflora","forb","annual","native"
"208","DC_11_SU","DC",11,"SU",2024,"7/17/2024","Raechel Hunsaker, Joanna Pincock","CHDO",11,0.073,7.333,"Chaenactis douglasii","forb","perennial","native"
"209","DC_11_SU","DC",11,"SU",2024,"7/17/2024","Raechel Hunsaker, Joanna Pincock","POSE",11,0.073,7.333,"Poa secunda","grass","perennial","native"
"210","DC_11_SU","DC",11,"SU",2024,"7/17/2024","Raechel Hunsaker, Joanna Pincock","SYRO",8,0.053,5.333,"Symphoricarpos rotundifolius","shrub","perennial","native"
"211","DC_11_SU","DC",11,"SU",2024,"7/17/2024","Raechel Hunsaker, Joanna Pincock","LECI",7,0.047,4.667,"Leymus cinereus","grass","perennial","native"
"212","DC_11_SU","DC",11,"SU",2024,"7/17/2024","Raechel Hunsaker, Joanna Pincock","PSSP",6,0.04,4,"Pseudoroegneria spicata","grass","perennial","native"
"213","DC_11_SU","DC",11,"SU",2024,"7/17/2024","Raechel Hunsaker, Joanna Pincock","DF",4,0.027,2.667,"dead forb","forb","",""
"214","DC_11_SU","DC",11,"SU",2024,"7/17/2024","Raechel Hunsaker, Joanna Pincock","EPBR",4,0.027,2.667,"Epilobium brachycarpum ","forb","annual","native"
"215","DC_11_SU","DC",11,"SU",2024,"7/17/2024","Raechel Hunsaker, Joanna Pincock","CRAC",3,0.02,2,"Crepis acuminata","forb","perennial","native"
"216","DC_11_SU","DC",11,"SU",2024,"7/17/2024","Raechel Hunsaker, Joanna Pincock","LALO",2,0.013,1.333,"Lappula longispina","forb","annual","native"
"217","DC_11_SU","DC",11,"SU",2024,"7/17/2024","Raechel Hunsaker, Joanna Pincock","W",2,0.013,1.333,"wood","wood","",""
"218","DC_11_SU","DC",11,"SU",2024,"7/17/2024","Raechel Hunsaker, Joanna Pincock","AMAL",1,0.007,0.667,"Amelanchier alnifolia","shrub","perennial","native"
"219","DC_11_SU","DC",11,"SU",2024,"7/17/2024","Raechel Hunsaker, Joanna Pincock","GASE",1,0.007,0.667,"Galium serpenticum","forb","perennial","native"
"220","DC_11_SU","DC",11,"SU",2024,"7/17/2024","Raechel Hunsaker, Joanna Pincock","PHHA",1,0.007,0.667,"Phacelia hastata","forb","perennial","native"
"221","DC_11_SU","DC",11,"SU",2024,"7/17/2024","Raechel Hunsaker, Joanna Pincock","SCAN",1,0.007,0.667,"Scuttelaria angustifolia ","forb","annual","native"
"222","DC_11_SU","DC",11,"SU",2024,"7/17/2024","Raechel Hunsaker, Joanna Pincock","SIAL",1,0.007,0.667,"Sisymbrium altissimum","forb","annual","introduced"
"223","DC_11_SU","DC",11,"SU",2024,"7/17/2024","Raechel Hunsaker, Joanna Pincock","TRDU",1,0.007,0.667,"Tragopogon dubius","forb","annual","introduced"
"224","DC_12_SU","DC",12,"SU",2024,"7/17/2024","Raechel Hunsaker, Joanna Pincock","L",133,0.887,88.667,"litter","litter","",""
"225","DC_12_SU","DC",12,"SU",2024,"7/17/2024","Raechel Hunsaker, Joanna Pincock","BRTE",59,0.393,39.333,"Bromus tectorum","cheatgrass","annual","introduced"
"226","DC_12_SU","DC",12,"SU",2024,"7/17/2024","Raechel Hunsaker, Joanna Pincock","LECI",36,0.24,24,"Leymus cinereus","grass","perennial","native"
"227","DC_12_SU","DC",12,"SU",2024,"7/17/2024","Raechel Hunsaker, Joanna Pincock","PSSP",25,0.167,16.667,"Pseudoroegneria spicata","grass","perennial","native"
"228","DC_12_SU","DC",12,"SU",2024,"7/17/2024","Raechel Hunsaker, Joanna Pincock","BRSI",15,0.1,10,"Bromus sitchensis","grass","perennial","native"
"229","DC_12_SU","DC",12,"SU",2024,"7/17/2024","Raechel Hunsaker, Joanna Pincock","CAGE",14,0.093,9.333,"Carex geyeri ","sedge","perennial","native"
"230","DC_12_SU","DC",12,"SU",2024,"7/17/2024","Raechel Hunsaker, Joanna Pincock","SYRO",12,0.08,8,"Symphoricarpos rotundifolius","shrub","perennial","native"
"231","DC_12_SU","DC",12,"SU",2024,"7/17/2024","Raechel Hunsaker, Joanna Pincock","POSE",11,0.073,7.333,"Poa secunda","grass","perennial","native"
"232","DC_12_SU","DC",12,"SU",2024,"7/17/2024","Raechel Hunsaker, Joanna Pincock","CEVE",8,0.053,5.333,"Ceanothus velutinus","shrub","perennial","native"
"233","DC_12_SU","DC",12,"SU",2024,"7/17/2024","Raechel Hunsaker, Joanna Pincock","EPBR",8,0.053,5.333,"Epilobium brachycarpum ","forb","annual","native"
"234","DC_12_SU","DC",12,"SU",2024,"7/17/2024","Raechel Hunsaker, Joanna Pincock","PUTR",6,0.04,4,"Purshia tridentata","shrub","perennial","native"
"235","DC_12_SU","DC",12,"SU",2024,"7/17/2024","Raechel Hunsaker, Joanna Pincock","COPA",5,0.033,3.333,"Collinsia parviflora","forb","annual","native"
"236","DC_12_SU","DC",12,"SU",2024,"7/17/2024","Raechel Hunsaker, Joanna Pincock","ILRI",5,0.033,3.333,"Iliamna rivularis","forb","perennial","native"
"237","DC_12_SU","DC",12,"SU",2024,"7/17/2024","Raechel Hunsaker, Joanna Pincock","BASA",4,0.027,2.667,"Balsamorhiza sagittata","forb","perennial","native"
"238","DC_12_SU","DC",12,"SU",2024,"7/17/2024","Raechel Hunsaker, Joanna Pincock","CRAC",3,0.02,2,"Crepis acuminata","forb","perennial","native"
"239","DC_12_SU","DC",12,"SU",2024,"7/17/2024","Raechel Hunsaker, Joanna Pincock","MARE",3,0.02,2,"Mahonia repens","shrub","perennial","native"
"240","DC_12_SU","DC",12,"SU",2024,"7/17/2024","Raechel Hunsaker, Joanna Pincock","POPR",3,0.02,2,"Poa pratensis","grass","perennial","both"
"241","DC_12_SU","DC",12,"SU",2024,"7/17/2024","Raechel Hunsaker, Joanna Pincock","POTR",3,0.02,2,"Populus tremuloides","tree","perennial","native"
"242","DC_12_SU","DC",12,"SU",2024,"7/17/2024","Raechel Hunsaker, Joanna Pincock","ARTR",2,0.013,1.333,"Artemisia tridentata vaseyana","shrub","perennial","native"
"243","DC_12_SU","DC",12,"SU",2024,"7/17/2024","Raechel Hunsaker, Joanna Pincock","GEVI",2,0.013,1.333,"Geranium viscosissimum","forb","perennial","native"
"244","DC_12_SU","DC",12,"SU",2024,"7/17/2024","Raechel Hunsaker, Joanna Pincock","BG",1,0.007,0.667,"bare ground","bare ground","",""
"245","DC_12_SU","DC",12,"SU",2024,"7/17/2024","Raechel Hunsaker, Joanna Pincock","Lupinus",1,0.007,0.667,"Lupinus spp","forb","perennial","native"
"246","DC_12_SU","DC",12,"SU",2024,"7/17/2024","Raechel Hunsaker, Joanna Pincock","MIGR",1,0.007,0.667,"Microsteris gracilis","forb","annual","native"
"247","DC_12_SU","DC",12,"SU",2024,"7/17/2024","Raechel Hunsaker, Joanna Pincock","SCAN",1,0.007,0.667,"Scuttelaria angustifolia ","forb","annual","native"
"248","DC_12_SU","DC",12,"SU",2024,"7/17/2024","Raechel Hunsaker, Joanna Pincock","SIAL",1,0.007,0.667,"Sisymbrium altissimum","forb","annual","introduced"
"249","DC_12_SU","DC",12,"SU",2024,"7/17/2024","Raechel Hunsaker, Joanna Pincock","TRDU",1,0.007,0.667,"Tragopogon dubius","forb","annual","introduced"
"250","DC_12_SU","DC",12,"SU",2024,"7/17/2024","Raechel Hunsaker, Joanna Pincock","W",1,0.007,0.667,"wood","wood","",""
"251","DC_13_FA","DC",13,"FA",2024,"7/16/2024","Kloe Walter, Sylvia Duke, Kelly Hopping","L",94,0.627,62.667,"litter","litter","",""
"252","DC_13_FA","DC",13,"FA",2024,"7/16/2024","Kloe Walter, Sylvia Duke, Kelly Hopping","BRTE",48,0.32,32,"Bromus tectorum","cheatgrass","annual","introduced"
"253","DC_13_FA","DC",13,"FA",2024,"7/16/2024","Kloe Walter, Sylvia Duke, Kelly Hopping","POSE",29,0.193,19.333,"Poa secunda","grass","perennial","native"
"254","DC_13_FA","DC",13,"FA",2024,"7/16/2024","Kloe Walter, Sylvia Duke, Kelly Hopping","BG",25,0.167,16.667,"bare ground","bare ground","",""
"255","DC_13_FA","DC",13,"FA",2024,"7/16/2024","Kloe Walter, Sylvia Duke, Kelly Hopping","PSSP",11,0.073,7.333,"Pseudoroegneria spicata","grass","perennial","native"
"256","DC_13_FA","DC",13,"FA",2024,"7/16/2024","Kloe Walter, Sylvia Duke, Kelly Hopping","SYRO",8,0.053,5.333,"Symphoricarpos rotundifolius","shrub","perennial","native"
"257","DC_13_FA","DC",13,"FA",2024,"7/16/2024","Kloe Walter, Sylvia Duke, Kelly Hopping","PRVI",7,0.047,4.667,"Prunus virginiana","shrub","perennial","native"
"258","DC_13_FA","DC",13,"FA",2024,"7/16/2024","Kloe Walter, Sylvia Duke, Kelly Hopping","CHVI",4,0.027,2.667,"Chrysothamnus viscidiflorus","shrub","perennial","native"
"259","DC_13_FA","DC",13,"FA",2024,"7/16/2024","Kloe Walter, Sylvia Duke, Kelly Hopping","CRAC",4,0.027,2.667,"Crepis acuminata","forb","perennial","native"
"260","DC_13_FA","DC",13,"FA",2024,"7/16/2024","Kloe Walter, Sylvia Duke, Kelly Hopping","LODI",4,0.027,2.667,"Lomatium dissectum ","forb","perennial","native"
"261","DC_13_FA","DC",13,"FA",2024,"7/16/2024","Kloe Walter, Sylvia Duke, Kelly Hopping","BASA",3,0.02,2,"Balsamorhiza sagittata","forb","perennial","native"
"262","DC_13_FA","DC",13,"FA",2024,"7/16/2024","Kloe Walter, Sylvia Duke, Kelly Hopping","COPA",2,0.013,1.333,"Collinsia parviflora","forb","annual","native"
"263","DC_13_FA","DC",13,"FA",2024,"7/16/2024","Kloe Walter, Sylvia Duke, Kelly Hopping","LECI",2,0.013,1.333,"Leymus cinereus","grass","perennial","native"
"264","DC_13_FA","DC",13,"FA",2024,"7/16/2024","Kloe Walter, Sylvia Duke, Kelly Hopping","PUTR",2,0.013,1.333,"Purshia tridentata","shrub","perennial","native"
"265","DC_13_FA","DC",13,"FA",2024,"7/16/2024","Kloe Walter, Sylvia Duke, Kelly Hopping","AMAL",1,0.007,0.667,"Amelanchier alnifolia","shrub","perennial","native"
"266","DC_13_FA","DC",13,"FA",2024,"7/16/2024","Kloe Walter, Sylvia Duke, Kelly Hopping","ARTR",1,0.007,0.667,"Artemisia tridentata vaseyana","shrub","perennial","native"
"267","DC_13_FA","DC",13,"FA",2024,"7/16/2024","Kloe Walter, Sylvia Duke, Kelly Hopping","DEPI",1,0.007,0.667,"Descurainia pinnata","forb","annual","native"
"268","DC_13_FA","DC",13,"FA",2024,"7/16/2024","Kloe Walter, Sylvia Duke, Kelly Hopping","ELEL",1,0.007,0.667,"Elymus elymoides","grass","perennial","native"
"269","DC_13_FA","DC",13,"FA",2024,"7/16/2024","Kloe Walter, Sylvia Duke, Kelly Hopping","ERHE",1,0.007,0.667,"Eriogonum heracleoides","forb","perennial","native"
"270","DC_13_FA","DC",13,"FA",2024,"7/16/2024","Kloe Walter, Sylvia Duke, Kelly Hopping","LASE",1,0.007,0.667,"Lactuca serriola","forb","annual","introduced"
"271","DC_13_FA","DC",13,"FA",2024,"7/16/2024","Kloe Walter, Sylvia Duke, Kelly Hopping","PHHO",1,0.007,0.667,"Phlox hoodii","forb","perennial","native"
"272","DC_13_FA","DC",13,"FA",2024,"7/16/2024","Kloe Walter, Sylvia Duke, Kelly Hopping","SIAL",1,0.007,0.667,"Sisymbrium altissimum","forb","annual","introduced"
"273","DC_13_FA","DC",13,"FA",2024,"7/16/2024","Kloe Walter, Sylvia Duke, Kelly Hopping","W",1,0.007,0.667,"wood","wood","",""
"274","DC_14_FA","DC",14,"FA",2024,"7/16/2024","Kloe Walter, Sylvia Duke","L",82,0.547,54.667,"litter","litter","",""
"275","DC_14_FA","DC",14,"FA",2024,"7/16/2024","Kloe Walter, Sylvia Duke","BRTE",49,0.327,32.667,"Bromus tectorum","cheatgrass","annual","introduced"
"276","DC_14_FA","DC",14,"FA",2024,"7/16/2024","Kloe Walter, Sylvia Duke","PSSP",26,0.173,17.333,"Pseudoroegneria spicata","grass","perennial","native"
"277","DC_14_FA","DC",14,"FA",2024,"7/16/2024","Kloe Walter, Sylvia Duke","LECI",23,0.153,15.333,"Leymus cinereus","grass","perennial","native"
"278","DC_14_FA","DC",14,"FA",2024,"7/16/2024","Kloe Walter, Sylvia Duke","BG",17,0.113,11.333,"bare ground","bare ground","",""
"279","DC_14_FA","DC",14,"FA",2024,"7/16/2024","Kloe Walter, Sylvia Duke","SYRO",11,0.073,7.333,"Symphoricarpos rotundifolius","shrub","perennial","native"
"280","DC_14_FA","DC",14,"FA",2024,"7/16/2024","Kloe Walter, Sylvia Duke","BASA",6,0.04,4,"Balsamorhiza sagittata","forb","perennial","native"
"281","DC_14_FA","DC",14,"FA",2024,"7/16/2024","Kloe Walter, Sylvia Duke","POSE",5,0.033,3.333,"Poa secunda","grass","perennial","native"
"282","DC_14_FA","DC",14,"FA",2024,"7/16/2024","Kloe Walter, Sylvia Duke","CHVI",3,0.02,2,"Chrysothamnus viscidiflorus","shrub","perennial","native"
"283","DC_14_FA","DC",14,"FA",2024,"7/16/2024","Kloe Walter, Sylvia Duke","PUTR",3,0.02,2,"Purshia tridentata","shrub","perennial","native"
"284","DC_14_FA","DC",14,"FA",2024,"7/16/2024","Kloe Walter, Sylvia Duke","ARTR",2,0.013,1.333,"Artemisia tridentata vaseyana","shrub","perennial","native"
"285","DC_14_FA","DC",14,"FA",2024,"7/16/2024","Kloe Walter, Sylvia Duke","COPA",2,0.013,1.333,"Collinsia parviflora","forb","annual","native"
"286","DC_14_FA","DC",14,"FA",2024,"7/16/2024","Kloe Walter, Sylvia Duke","EPBR",2,0.013,1.333,"Epilobium brachycarpum ","forb","annual","native"
"287","DC_14_FA","DC",14,"FA",2024,"7/16/2024","Kloe Walter, Sylvia Duke","TRDU",2,0.013,1.333,"Tragopogon dubius","forb","annual","introduced"
"288","DC_14_FA","DC",14,"FA",2024,"7/16/2024","Kloe Walter, Sylvia Duke","BRSI",1,0.007,0.667,"Bromus sitchensis","grass","perennial","native"
"289","DC_14_FA","DC",14,"FA",2024,"7/16/2024","Kloe Walter, Sylvia Duke","CIUN",1,0.007,0.667,"Cirsium undulatum","forb","perennial","native"
"290","DC_14_FA","DC",14,"FA",2024,"7/16/2024","Kloe Walter, Sylvia Duke","ERUM",1,0.007,0.667,"Eriogonum umbellatum","forb","perennial","native"
"291","DC_14_FA","DC",14,"FA",2024,"7/16/2024","Kloe Walter, Sylvia Duke","HEUN",1,0.007,0.667,"Helianthella uniflora","forb","perennial","native"
"292","DC_14_FA","DC",14,"FA",2024,"7/16/2024","Kloe Walter, Sylvia Duke","LALO",1,0.007,0.667,"Lappula longispina","forb","annual","native"
"293","DC_14_FA","DC",14,"FA",2024,"7/16/2024","Kloe Walter, Sylvia Duke","LASE",1,0.007,0.667,"Lactuca serriola","forb","annual","introduced"
"294","DC_14_FA","DC",14,"FA",2024,"7/16/2024","Kloe Walter, Sylvia Duke","Lupinus",1,0.007,0.667,"Lupinus spp","forb","perennial","native"
"295","DC_14_FA","DC",14,"FA",2024,"7/16/2024","Kloe Walter, Sylvia Duke","PHHO",1,0.007,0.667,"Phlox hoodii","forb","perennial","native"
"296","DC_14_FA","DC",14,"FA",2024,"7/16/2024","Kloe Walter, Sylvia Duke","W",1,0.007,0.667,"wood","wood","",""
"297","DC_15_FA","DC",15,"FA",2024,"7/17/2024","Kloe Walter, Sylvia Duke","L",106,0.707,70.667,"litter","litter","",""
"298","DC_15_FA","DC",15,"FA",2024,"7/17/2024","Kloe Walter, Sylvia Duke","BRTE",80,0.533,53.333,"Bromus tectorum","cheatgrass","annual","introduced"
"299","DC_15_FA","DC",15,"FA",2024,"7/17/2024","Kloe Walter, Sylvia Duke","PRVI",23,0.153,15.333,"Prunus virginiana","shrub","perennial","native"
"300","DC_15_FA","DC",15,"FA",2024,"7/17/2024","Kloe Walter, Sylvia Duke","LECI",19,0.127,12.667,"Leymus cinereus","grass","perennial","native"
"301","DC_15_FA","DC",15,"FA",2024,"7/17/2024","Kloe Walter, Sylvia Duke","BG",15,0.1,10,"bare ground","bare ground","",""
"302","DC_15_FA","DC",15,"FA",2024,"7/17/2024","Kloe Walter, Sylvia Duke","PUTR",10,0.067,6.667,"Purshia tridentata","shrub","perennial","native"
"303","DC_15_FA","DC",15,"FA",2024,"7/17/2024","Kloe Walter, Sylvia Duke","POSE",7,0.047,4.667,"Poa secunda","grass","perennial","native"
"304","DC_15_FA","DC",15,"FA",2024,"7/17/2024","Kloe Walter, Sylvia Duke","EPBR",4,0.027,2.667,"Epilobium brachycarpum ","forb","annual","native"
"305","DC_15_FA","DC",15,"FA",2024,"7/17/2024","Kloe Walter, Sylvia Duke","PSSP",4,0.027,2.667,"Pseudoroegneria spicata","grass","perennial","native"
"306","DC_15_FA","DC",15,"FA",2024,"7/17/2024","Kloe Walter, Sylvia Duke","BRSI",2,0.013,1.333,"Bromus sitchensis","grass","perennial","native"
"307","DC_15_FA","DC",15,"FA",2024,"7/17/2024","Kloe Walter, Sylvia Duke","COLI",2,0.013,1.333,"Collomia linearis","forb","annual","native"
"308","DC_15_FA","DC",15,"FA",2024,"7/17/2024","Kloe Walter, Sylvia Duke","PHHA",2,0.013,1.333,"Phacelia hastata","forb","perennial","native"
"309","DC_15_FA","DC",15,"FA",2024,"7/17/2024","Kloe Walter, Sylvia Duke","TRDU",2,0.013,1.333,"Tragopogon dubius","forb","annual","introduced"
"310","DC_15_FA","DC",15,"FA",2024,"7/17/2024","Kloe Walter, Sylvia Duke","COPA",1,0.007,0.667,"Collinsia parviflora","forb","annual","native"
"311","DC_15_FA","DC",15,"FA",2024,"7/17/2024","Kloe Walter, Sylvia Duke","DF",1,0.007,0.667,"dead forb","forb","",""
"312","DC_15_FA","DC",15,"FA",2024,"7/17/2024","Kloe Walter, Sylvia Duke","LASE",1,0.007,0.667,"Lactuca serriola","forb","annual","introduced"
"313","DC_15_FA","DC",15,"FA",2024,"7/17/2024","Kloe Walter, Sylvia Duke","LODI",1,0.007,0.667,"Lomatium dissectum ","forb","perennial","native"
"314","DC_16_FA","DC",16,"FA",2024,"7/17/2024","Kloe Walter, Sylvia Duke","L",125,0.833,83.333,"litter","litter","",""
"315","DC_16_FA","DC",16,"FA",2024,"7/17/2024","Kloe Walter, Sylvia Duke","LECI",42,0.28,28,"Leymus cinereus","grass","perennial","native"
"316","DC_16_FA","DC",16,"FA",2024,"7/17/2024","Kloe Walter, Sylvia Duke","BRTE",25,0.167,16.667,"Bromus tectorum","cheatgrass","annual","introduced"
"317","DC_16_FA","DC",16,"FA",2024,"7/17/2024","Kloe Walter, Sylvia Duke","PSSP",16,0.107,10.667,"Pseudoroegneria spicata","grass","perennial","native"
"318","DC_16_FA","DC",16,"FA",2024,"7/17/2024","Kloe Walter, Sylvia Duke","TRDU",14,0.093,9.333,"Tragopogon dubius","forb","annual","introduced"
"319","DC_16_FA","DC",16,"FA",2024,"7/17/2024","Kloe Walter, Sylvia Duke","EPBR",9,0.06,6,"Epilobium brachycarpum ","forb","annual","native"
"320","DC_16_FA","DC",16,"FA",2024,"7/17/2024","Kloe Walter, Sylvia Duke","BG",8,0.053,5.333,"bare ground","bare ground","",""
"321","DC_16_FA","DC",16,"FA",2024,"7/17/2024","Kloe Walter, Sylvia Duke","POSE",8,0.053,5.333,"Poa secunda","grass","perennial","native"
"322","DC_16_FA","DC",16,"FA",2024,"7/17/2024","Kloe Walter, Sylvia Duke","BASA",6,0.04,4,"Balsamorhiza sagittata","forb","perennial","native"
"323","DC_16_FA","DC",16,"FA",2024,"7/17/2024","Kloe Walter, Sylvia Duke","COPA",4,0.027,2.667,"Collinsia parviflora","forb","annual","native"
"324","DC_16_FA","DC",16,"FA",2024,"7/17/2024","Kloe Walter, Sylvia Duke","BRSI",3,0.02,2,"Bromus sitchensis","grass","perennial","native"
"325","DC_16_FA","DC",16,"FA",2024,"7/17/2024","Kloe Walter, Sylvia Duke","LIRU",3,0.02,2,"Lithospermum ruderale","forb","perennial","native"
"326","DC_16_FA","DC",16,"FA",2024,"7/17/2024","Kloe Walter, Sylvia Duke","MARE",2,0.013,1.333,"Mahonia repens","shrub","perennial","native"
"327","DC_16_FA","DC",16,"FA",2024,"7/17/2024","Kloe Walter, Sylvia Duke","SYRO",2,0.013,1.333,"Symphoricarpos rotundifolius","shrub","perennial","native"
"328","DC_16_FA","DC",16,"FA",2024,"7/17/2024","Kloe Walter, Sylvia Duke","MIGR",1,0.007,0.667,"Microsteris gracilis","forb","annual","native"
"329","DC_16_FA","DC",16,"FA",2024,"7/17/2024","Kloe Walter, Sylvia Duke","PODO",1,0.007,0.667,"Polygonum douglasii ","forb","annual","native"
"330","DC_16_FA","DC",16,"FA",2024,"7/17/2024","Kloe Walter, Sylvia Duke","W",1,0.007,0.667,"wood","wood","",""
"331","LK_17_SP","LK",17,"SP",2024,"7/10/2024","Michael Mancuso, Maddi Sorrentino","L",98,0.653,65.333,"litter","litter","",""
"332","LK_17_SP","LK",17,"SP",2024,"7/10/2024","Michael Mancuso, Maddi Sorrentino","BG",33,0.22,22,"bare ground","bare ground","",""
"333","LK_17_SP","LK",17,"SP",2024,"7/10/2024","Michael Mancuso, Maddi Sorrentino","ARTR",21,0.14,14,"Artemisia tridentata vaseyana","shrub","perennial","native"
"334","LK_17_SP","LK",17,"SP",2024,"7/10/2024","Michael Mancuso, Maddi Sorrentino","BRTE",18,0.12,12,"Bromus tectorum","cheatgrass","annual","introduced"
"335","LK_17_SP","LK",17,"SP",2024,"7/10/2024","Michael Mancuso, Maddi Sorrentino","CEVE",11,0.073,7.333,"Ceanothus velutinus","shrub","perennial","native"
"336","LK_17_SP","LK",17,"SP",2024,"7/10/2024","Michael Mancuso, Maddi Sorrentino","PSSP",9,0.06,6,"Pseudoroegneria spicata","grass","perennial","native"
"337","LK_17_SP","LK",17,"SP",2024,"7/10/2024","Michael Mancuso, Maddi Sorrentino","AMAL",7,0.047,4.667,"Amelanchier alnifolia","shrub","perennial","native"
"338","LK_17_SP","LK",17,"SP",2024,"7/10/2024","Michael Mancuso, Maddi Sorrentino","BRSI",7,0.047,4.667,"Bromus sitchensis","grass","perennial","native"
"339","LK_17_SP","LK",17,"SP",2024,"7/10/2024","Michael Mancuso, Maddi Sorrentino","LUAR",4,0.027,2.667,"Lupinus argenteus var. holosericeus ","forb","perennial","native"
"340","LK_17_SP","LK",17,"SP",2024,"7/10/2024","Michael Mancuso, Maddi Sorrentino","SYRO",4,0.027,2.667,"Symphoricarpos rotundifolius","shrub","perennial","native"
"341","LK_17_SP","LK",17,"SP",2024,"7/10/2024","Michael Mancuso, Maddi Sorrentino","BRHO",3,0.02,2,"Bromus hordeaceus","grass","annual","introduced"
"342","LK_17_SP","LK",17,"SP",2024,"7/10/2024","Michael Mancuso, Maddi Sorrentino","CHVI",3,0.02,2,"Chrysothamnus viscidiflorus","shrub","perennial","native"
"343","LK_17_SP","LK",17,"SP",2024,"7/10/2024","Michael Mancuso, Maddi Sorrentino","SCAN",3,0.02,2,"Scuttelaria angustifolia ","forb","annual","native"
"344","LK_17_SP","LK",17,"SP",2024,"7/10/2024","Michael Mancuso, Maddi Sorrentino","LECI",2,0.013,1.333,"Leymus cinereus","grass","perennial","native"
"345","LK_17_SP","LK",17,"SP",2024,"7/10/2024","Michael Mancuso, Maddi Sorrentino","CRAC",1,0.007,0.667,"Crepis acuminata","forb","perennial","native"
"346","LK_17_SP","LK",17,"SP",2024,"7/10/2024","Michael Mancuso, Maddi Sorrentino","EPBR",1,0.007,0.667,"Epilobium brachycarpum ","forb","annual","native"
"347","LK_17_SP","LK",17,"SP",2024,"7/10/2024","Michael Mancuso, Maddi Sorrentino","ERUM",1,0.007,0.667,"Eriogonum umbellatum","forb","perennial","native"
"348","LK_17_SP","LK",17,"SP",2024,"7/10/2024","Michael Mancuso, Maddi Sorrentino","GADI",1,0.007,0.667,"Gayophytum diffusum ","forb","annual","native"
"349","LK_17_SP","LK",17,"SP",2024,"7/10/2024","Michael Mancuso, Maddi Sorrentino","PHHA",1,0.007,0.667,"Phacelia hastata","forb","perennial","native"
"350","LK_18_SP","LK",18,"SP",2024,"7/10/2024","Michael Mancuso, Maddi Sorrentino","L",65,0.433,43.333,"litter","litter","",""
"351","LK_18_SP","LK",18,"SP",2024,"7/10/2024","Michael Mancuso, Maddi Sorrentino","BG",50,0.333,33.333,"bare ground","bare ground","",""
"352","LK_18_SP","LK",18,"SP",2024,"7/10/2024","Michael Mancuso, Maddi Sorrentino","POSE",25,0.167,16.667,"Poa secunda","grass","perennial","native"
"353","LK_18_SP","LK",18,"SP",2024,"7/10/2024","Michael Mancuso, Maddi Sorrentino","PSSP",13,0.087,8.667,"Pseudoroegneria spicata","grass","perennial","native"
"354","LK_18_SP","LK",18,"SP",2024,"7/10/2024","Michael Mancuso, Maddi Sorrentino","BASA",11,0.073,7.333,"Balsamorhiza sagittata","forb","perennial","native"
"355","LK_18_SP","LK",18,"SP",2024,"7/10/2024","Michael Mancuso, Maddi Sorrentino","KOMA",3,0.02,2,"Koeleria macrantha","grass","perennial","native"
"356","LK_18_SP","LK",18,"SP",2024,"7/10/2024","Michael Mancuso, Maddi Sorrentino","TRDU",3,0.02,2,"Tragopogon dubius","forb","annual","introduced"
"357","LK_18_SP","LK",18,"SP",2024,"7/10/2024","Michael Mancuso, Maddi Sorrentino","BRSQ",2,0.013,1.333,"Bromus squarrosus","grass","annual","introduced"
"358","LK_18_SP","LK",18,"SP",2024,"7/10/2024","Michael Mancuso, Maddi Sorrentino","BRTE",2,0.013,1.333,"Bromus tectorum","cheatgrass","annual","introduced"
"359","LK_18_SP","LK",18,"SP",2024,"7/10/2024","Michael Mancuso, Maddi Sorrentino","CARO",2,0.013,1.333,"Carex rossii","sedge","perennial","native"
"360","LK_18_SP","LK",18,"SP",2024,"7/10/2024","Michael Mancuso, Maddi Sorrentino","LIPU",2,0.013,1.333,"Linanthus pungens","forb","perennial","native"
"361","LK_18_SP","LK",18,"SP",2024,"7/10/2024","Michael Mancuso, Maddi Sorrentino","MIGR",1,0.007,0.667,"Microsteris gracilis","forb","annual","native"
"362","LK_18_SP","LK",18,"SP",2024,"7/10/2024","Michael Mancuso, Maddi Sorrentino","PRVI",1,0.007,0.667,"Prunus virginiana","shrub","perennial","native"
"363","LK_18_SP","LK",18,"SP",2024,"7/10/2024","Michael Mancuso, Maddi Sorrentino","W",1,0.007,0.667,"wood","wood","",""
"364","LK_19_SP","LK",19,"SP",2024,"7/9/2024","Sylvia Duke, Maddi Sorrentino","L",59,0.393,39.333,"litter","litter","",""
"365","LK_19_SP","LK",19,"SP",2024,"7/9/2024","Sylvia Duke, Maddi Sorrentino","BG",41,0.273,27.333,"bare ground","bare ground","",""
"366","LK_19_SP","LK",19,"SP",2024,"7/9/2024","Sylvia Duke, Maddi Sorrentino","BRTE",34,0.227,22.667,"Bromus tectorum","cheatgrass","annual","introduced"
"367","LK_19_SP","LK",19,"SP",2024,"7/9/2024","Sylvia Duke, Maddi Sorrentino","POSE",21,0.14,14,"Poa secunda","grass","perennial","native"
"368","LK_19_SP","LK",19,"SP",2024,"7/9/2024","Sylvia Duke, Maddi Sorrentino","PSSP",15,0.1,10,"Pseudoroegneria spicata","grass","perennial","native"
"369","LK_19_SP","LK",19,"SP",2024,"7/9/2024","Sylvia Duke, Maddi Sorrentino","PRVI",10,0.067,6.667,"Prunus virginiana","shrub","perennial","native"
"370","LK_19_SP","LK",19,"SP",2024,"7/9/2024","Sylvia Duke, Maddi Sorrentino","TECA",10,0.067,6.667,"Tetradymia canescens","shrub","perennial","native"
"371","LK_19_SP","LK",19,"SP",2024,"7/9/2024","Sylvia Duke, Maddi Sorrentino","PHHA",7,0.047,4.667,"Phacelia hastata","forb","perennial","native"
"372","LK_19_SP","LK",19,"SP",2024,"7/9/2024","Sylvia Duke, Maddi Sorrentino","CEVE",5,0.033,3.333,"Ceanothus velutinus","shrub","perennial","native"
"373","LK_19_SP","LK",19,"SP",2024,"7/9/2024","Sylvia Duke, Maddi Sorrentino","PUTR",5,0.033,3.333,"Purshia tridentata","shrub","perennial","native"
"374","LK_19_SP","LK",19,"SP",2024,"7/9/2024","Sylvia Duke, Maddi Sorrentino","AMAL",3,0.02,2,"Amelanchier alnifolia","shrub","perennial","native"
"375","LK_19_SP","LK",19,"SP",2024,"7/9/2024","Sylvia Duke, Maddi Sorrentino","LECI",3,0.02,2,"Leymus cinereus","grass","perennial","native"
"376","LK_19_SP","LK",19,"SP",2024,"7/9/2024","Sylvia Duke, Maddi Sorrentino","W",3,0.02,2,"wood","wood","",""
"377","LK_19_SP","LK",19,"SP",2024,"7/9/2024","Sylvia Duke, Maddi Sorrentino","SCAN",2,0.013,1.333,"Scuttelaria angustifolia ","forb","annual","native"
"378","LK_19_SP","LK",19,"SP",2024,"7/9/2024","Sylvia Duke, Maddi Sorrentino","Agoseris",1,0.007,0.667,"Agoseris spp","forb","perennial","native"
"379","LK_19_SP","LK",19,"SP",2024,"7/9/2024","Sylvia Duke, Maddi Sorrentino","APAN",1,0.007,0.667,"Apocynum androsaemifolium","forb","perennial","native"
"380","LK_19_SP","LK",19,"SP",2024,"7/9/2024","Sylvia Duke, Maddi Sorrentino","DF",1,0.007,0.667,"dead forb","forb","",""
"381","LK_19_SP","LK",19,"SP",2024,"7/9/2024","Sylvia Duke, Maddi Sorrentino","unknown forb",1,0.007,0.667,"unknown forb","forb","",""
"382","LK_20_SP","LK",20,"SP",2024,"7/9/2024","Sylvia Duke, Maddi Sorrentino","L",87,0.58,58,"litter","litter","",""
"383","LK_20_SP","LK",20,"SP",2024,"7/9/2024","Sylvia Duke, Maddi Sorrentino","BRTE",65,0.433,43.333,"Bromus tectorum","cheatgrass","annual","introduced"
"384","LK_20_SP","LK",20,"SP",2024,"7/9/2024","Sylvia Duke, Maddi Sorrentino","BG",19,0.127,12.667,"bare ground","bare ground","",""
"385","LK_20_SP","LK",20,"SP",2024,"7/9/2024","Sylvia Duke, Maddi Sorrentino","PRVI",18,0.12,12,"Prunus virginiana","shrub","perennial","native"
"386","LK_20_SP","LK",20,"SP",2024,"7/9/2024","Sylvia Duke, Maddi Sorrentino","PUTR",8,0.053,5.333,"Purshia tridentata","shrub","perennial","native"
"387","LK_20_SP","LK",20,"SP",2024,"7/9/2024","Sylvia Duke, Maddi Sorrentino","BASA",7,0.047,4.667,"Balsamorhiza sagittata","forb","perennial","native"
"388","LK_20_SP","LK",20,"SP",2024,"7/9/2024","Sylvia Duke, Maddi Sorrentino","Lupinus",7,0.047,4.667,"Lupinus spp","forb","perennial","native"
"389","LK_20_SP","LK",20,"SP",2024,"7/9/2024","Sylvia Duke, Maddi Sorrentino","PSSP",7,0.047,4.667,"Pseudoroegneria spicata","grass","perennial","native"
"390","LK_20_SP","LK",20,"SP",2024,"7/9/2024","Sylvia Duke, Maddi Sorrentino","ARTR",5,0.033,3.333,"Artemisia tridentata vaseyana","shrub","perennial","native"
"391","LK_20_SP","LK",20,"SP",2024,"7/9/2024","Sylvia Duke, Maddi Sorrentino","PHHA",5,0.033,3.333,"Phacelia hastata","forb","perennial","native"
"392","LK_20_SP","LK",20,"SP",2024,"7/9/2024","Sylvia Duke, Maddi Sorrentino","OSOC",4,0.027,2.667,"Osmorhiza occidentalis","forb","perennial","native"
"393","LK_20_SP","LK",20,"SP",2024,"7/9/2024","Sylvia Duke, Maddi Sorrentino","SYRO",4,0.027,2.667,"Symphoricarpos rotundifolius","shrub","perennial","native"
"394","LK_20_SP","LK",20,"SP",2024,"7/9/2024","Sylvia Duke, Maddi Sorrentino","AGGR",3,0.02,2,"Agoseris grandiflora","forb","perennial","native"
"395","LK_20_SP","LK",20,"SP",2024,"7/9/2024","Sylvia Duke, Maddi Sorrentino","HEUN",1,0.007,0.667,"Helianthella uniflora","forb","perennial","native"
"396","LK_20_SP","LK",20,"SP",2024,"7/9/2024","Sylvia Duke, Maddi Sorrentino","POSE",1,0.007,0.667,"Poa secunda","grass","perennial","native"
"397","LK_20_SP","LK",20,"SP",2024,"7/9/2024","Sylvia Duke, Maddi Sorrentino","SIAL",1,0.007,0.667,"Sisymbrium altissimum","forb","annual","introduced"
"398","LK_21_FASP","LK",21,"FASP",2024,"7/9/2024","Mallory Hinton, Joanna Pincock","L",132,0.88,88,"litter","litter","",""
"399","LK_21_FASP","LK",21,"FASP",2024,"7/9/2024","Mallory Hinton, Joanna Pincock","BRTE",93,0.62,62,"Bromus tectorum","cheatgrass","annual","introduced"
"400","LK_21_FASP","LK",21,"FASP",2024,"7/9/2024","Mallory Hinton, Joanna Pincock","DF",20,0.133,13.333,"dead forb","forb","",""
"401","LK_21_FASP","LK",21,"FASP",2024,"7/9/2024","Mallory Hinton, Joanna Pincock","BG",7,0.047,4.667,"bare ground","bare ground","",""
"402","LK_21_FASP","LK",21,"FASP",2024,"7/9/2024","Mallory Hinton, Joanna Pincock","GADI",7,0.047,4.667,"Gayophytum diffusum ","forb","annual","native"
"403","LK_21_FASP","LK",21,"FASP",2024,"7/9/2024","Mallory Hinton, Joanna Pincock","PHHA",5,0.033,3.333,"Phacelia hastata","forb","perennial","native"
"404","LK_21_FASP","LK",21,"FASP",2024,"7/9/2024","Mallory Hinton, Joanna Pincock","PSSP",5,0.033,3.333,"Pseudoroegneria spicata","grass","perennial","native"
"405","LK_21_FASP","LK",21,"FASP",2024,"7/9/2024","Mallory Hinton, Joanna Pincock","PUTR",5,0.033,3.333,"Purshia tridentata","shrub","perennial","native"
"406","LK_21_FASP","LK",21,"FASP",2024,"7/9/2024","Mallory Hinton, Joanna Pincock","HEUN",2,0.013,1.333,"Helianthella uniflora","forb","perennial","native"
"407","LK_21_FASP","LK",21,"FASP",2024,"7/9/2024","Mallory Hinton, Joanna Pincock","LECI",1,0.007,0.667,"Leymus cinereus","grass","perennial","native"
"408","LK_21_FASP","LK",21,"FASP",2024,"7/9/2024","Mallory Hinton, Joanna Pincock","MEBU",1,0.007,0.667,"Melica bulbosa","grass","perennial","native"
"409","LK_21_FASP","LK",21,"FASP",2024,"7/9/2024","Mallory Hinton, Joanna Pincock","PIEX",1,0.007,0.667,"Piptatheropsis exigua","grass","perennial","native"
"410","LK_21_FASP","LK",21,"FASP",2024,"7/9/2024","Mallory Hinton, Joanna Pincock","POSE",1,0.007,0.667,"Poa secunda","grass","perennial","native"
"411","LK_21_FASP","LK",21,"FASP",2024,"7/9/2024","Mallory Hinton, Joanna Pincock","SYRO",1,0.007,0.667,"Symphoricarpos rotundifolius","shrub","perennial","native"
"412","LK_21_FASP","LK",21,"FASP",2024,"7/9/2024","Mallory Hinton, Joanna Pincock","VETH",1,0.007,0.667,"Verbascum thapsus","forb","perennial","introduced"
"413","LK_21_FASP","LK",21,"FASP",2024,"7/9/2024","Mallory Hinton, Joanna Pincock","W",1,0.007,0.667,"wood","wood","",""
"414","LK_22_FASP","LK",22,"FASP",2024,"7/9/2024","Mallory Hinton, Joanna Pincock","L",146,0.973,97.333,"litter","litter","",""
"415","LK_22_FASP","LK",22,"FASP",2024,"7/9/2024","Mallory Hinton, Joanna Pincock","BRTE",115,0.767,76.667,"Bromus tectorum","cheatgrass","annual","introduced"
"416","LK_22_FASP","LK",22,"FASP",2024,"7/9/2024","Mallory Hinton, Joanna Pincock","LECI",17,0.113,11.333,"Leymus cinereus","grass","perennial","native"
"417","LK_22_FASP","LK",22,"FASP",2024,"7/9/2024","Mallory Hinton, Joanna Pincock","PHHA",15,0.1,10,"Phacelia hastata","forb","perennial","native"
"418","LK_22_FASP","LK",22,"FASP",2024,"7/9/2024","Mallory Hinton, Joanna Pincock","DF",11,0.073,7.333,"dead forb","forb","",""
"419","LK_22_FASP","LK",22,"FASP",2024,"7/9/2024","Mallory Hinton, Joanna Pincock","PSSP",10,0.067,6.667,"Pseudoroegneria spicata","grass","perennial","native"
"420","LK_22_FASP","LK",22,"FASP",2024,"7/9/2024","Mallory Hinton, Joanna Pincock","POSE",7,0.047,4.667,"Poa secunda","grass","perennial","native"
"421","LK_22_FASP","LK",22,"FASP",2024,"7/9/2024","Mallory Hinton, Joanna Pincock","ILRI",6,0.04,4,"Iliamna rivularis","forb","perennial","native"
"422","LK_22_FASP","LK",22,"FASP",2024,"7/9/2024","Mallory Hinton, Joanna Pincock","PUTR",6,0.04,4,"Purshia tridentata","shrub","perennial","native"
"423","LK_22_FASP","LK",22,"FASP",2024,"7/9/2024","Mallory Hinton, Joanna Pincock","SYRO",6,0.04,4,"Symphoricarpos rotundifolius","shrub","perennial","native"
"424","LK_22_FASP","LK",22,"FASP",2024,"7/9/2024","Mallory Hinton, Joanna Pincock","CIUN",5,0.033,3.333,"Cirsium undulatum","forb","perennial","native"
"425","LK_22_FASP","LK",22,"FASP",2024,"7/9/2024","Mallory Hinton, Joanna Pincock","BASA",1,0.007,0.667,"Balsamorhiza sagittata","forb","perennial","native"
"426","LK_22_FASP","LK",22,"FASP",2024,"7/9/2024","Mallory Hinton, Joanna Pincock","CEVE",1,0.007,0.667,"Ceanothus velutinus","shrub","perennial","native"
"427","LK_22_FASP","LK",22,"FASP",2024,"7/9/2024","Mallory Hinton, Joanna Pincock","GEVI",1,0.007,0.667,"Geranium viscosissimum","forb","perennial","native"
"428","LK_22_FASP","LK",22,"FASP",2024,"7/9/2024","Mallory Hinton, Joanna Pincock","MEBU",1,0.007,0.667,"Melica bulbosa","grass","perennial","native"
"429","LK_22_FASP","LK",22,"FASP",2024,"7/9/2024","Mallory Hinton, Joanna Pincock","PIEX",1,0.007,0.667,"Piptatheropsis exigua","grass","perennial","native"
"430","LK_22_FASP","LK",22,"FASP",2024,"7/9/2024","Mallory Hinton, Joanna Pincock","PRVI",1,0.007,0.667,"Prunus virginiana","shrub","perennial","native"
"431","LK_23_FASP","LK",23,"FASP",2024,"7/8/2024","Mallory Hinton, Joanna Pincock, Kelly Hopping","L",141,0.94,94,"litter","litter","",""
"432","LK_23_FASP","LK",23,"FASP",2024,"7/8/2024","Mallory Hinton, Joanna Pincock, Kelly Hopping","BRTE",62,0.413,41.333,"Bromus tectorum","cheatgrass","annual","introduced"
"433","LK_23_FASP","LK",23,"FASP",2024,"7/8/2024","Mallory Hinton, Joanna Pincock, Kelly Hopping","POSE",41,0.273,27.333,"Poa secunda","grass","perennial","native"
"434","LK_23_FASP","LK",23,"FASP",2024,"7/8/2024","Mallory Hinton, Joanna Pincock, Kelly Hopping","LECI",13,0.087,8.667,"Leymus cinereus","grass","perennial","native"
"435","LK_23_FASP","LK",23,"FASP",2024,"7/8/2024","Mallory Hinton, Joanna Pincock, Kelly Hopping","KOMA",9,0.06,6,"Koeleria macrantha","grass","perennial","native"
"436","LK_23_FASP","LK",23,"FASP",2024,"7/8/2024","Mallory Hinton, Joanna Pincock, Kelly Hopping","LULE",9,0.06,6,"Lupinus leucophyllus ","forb","perennial","native"
"437","LK_23_FASP","LK",23,"FASP",2024,"7/8/2024","Mallory Hinton, Joanna Pincock, Kelly Hopping","PSSP",9,0.06,6,"Pseudoroegneria spicata","grass","perennial","native"
"438","LK_23_FASP","LK",23,"FASP",2024,"7/8/2024","Mallory Hinton, Joanna Pincock, Kelly Hopping","CHVI",8,0.053,5.333,"Chrysothamnus viscidiflorus","shrub","perennial","native"
"439","LK_23_FASP","LK",23,"FASP",2024,"7/8/2024","Mallory Hinton, Joanna Pincock, Kelly Hopping","BG",4,0.027,2.667,"bare ground","bare ground","",""
"440","LK_23_FASP","LK",23,"FASP",2024,"7/8/2024","Mallory Hinton, Joanna Pincock, Kelly Hopping","DF",4,0.027,2.667,"dead forb","forb","",""
"441","LK_23_FASP","LK",23,"FASP",2024,"7/8/2024","Mallory Hinton, Joanna Pincock, Kelly Hopping","ACOC",3,0.02,2,"Achnatherum occidentale ","grass","perennial","native"
"442","LK_23_FASP","LK",23,"FASP",2024,"7/8/2024","Mallory Hinton, Joanna Pincock, Kelly Hopping","ARTR",2,0.013,1.333,"Artemisia tridentata vaseyana","shrub","perennial","native"
"443","LK_23_FASP","LK",23,"FASP",2024,"7/8/2024","Mallory Hinton, Joanna Pincock, Kelly Hopping","CAGE",1,0.007,0.667,"Carex geyeri ","sedge","perennial","native"
"444","LK_23_FASP","LK",23,"FASP",2024,"7/8/2024","Mallory Hinton, Joanna Pincock, Kelly Hopping","DICA",1,0.007,0.667,"Dieteria canescens","forb","perennial","native"
"445","LK_23_FASP","LK",23,"FASP",2024,"7/8/2024","Mallory Hinton, Joanna Pincock, Kelly Hopping","ERUM",1,0.007,0.667,"Eriogonum umbellatum","forb","perennial","native"
"446","LK_23_FASP","LK",23,"FASP",2024,"7/8/2024","Mallory Hinton, Joanna Pincock, Kelly Hopping","GEVI",1,0.007,0.667,"Geranium viscosissimum","forb","perennial","native"
"447","LK_23_FASP","LK",23,"FASP",2024,"7/8/2024","Mallory Hinton, Joanna Pincock, Kelly Hopping","PELA",1,0.007,0.667,"Penstemon laxus ","forb","perennial","native"
"448","LK_23_FASP","LK",23,"FASP",2024,"7/8/2024","Mallory Hinton, Joanna Pincock, Kelly Hopping","PHHA",1,0.007,0.667,"Phacelia hastata","forb","perennial","native"
"449","LK_24_FASP","LK",24,"FASP",2024,"7/8/2024","Sylvia Duke, Raechel Hunsaker","L",125,0.833,83.333,"litter","litter","",""
"450","LK_24_FASP","LK",24,"FASP",2024,"7/8/2024","Sylvia Duke, Raechel Hunsaker","BRTE",105,0.7,70,"Bromus tectorum","cheatgrass","annual","introduced"
"451","LK_24_FASP","LK",24,"FASP",2024,"7/8/2024","Sylvia Duke, Raechel Hunsaker","LECI",13,0.087,8.667,"Leymus cinereus","grass","perennial","native"
"452","LK_24_FASP","LK",24,"FASP",2024,"7/8/2024","Sylvia Duke, Raechel Hunsaker","POSE",12,0.08,8,"Poa secunda","grass","perennial","native"
"453","LK_24_FASP","LK",24,"FASP",2024,"7/8/2024","Sylvia Duke, Raechel Hunsaker","PRVI",12,0.08,8,"Prunus virginiana","shrub","perennial","native"
"454","LK_24_FASP","LK",24,"FASP",2024,"7/8/2024","Sylvia Duke, Raechel Hunsaker","PSSP",12,0.08,8,"Pseudoroegneria spicata","grass","perennial","native"
"455","LK_24_FASP","LK",24,"FASP",2024,"7/8/2024","Sylvia Duke, Raechel Hunsaker","PUTR",10,0.067,6.667,"Purshia tridentata","shrub","perennial","native"
"456","LK_24_FASP","LK",24,"FASP",2024,"7/8/2024","Sylvia Duke, Raechel Hunsaker","PHHA",6,0.04,4,"Phacelia hastata","forb","perennial","native"
"457","LK_24_FASP","LK",24,"FASP",2024,"7/8/2024","Sylvia Duke, Raechel Hunsaker","ARTR",5,0.033,3.333,"Artemisia tridentata vaseyana","shrub","perennial","native"
"458","LK_24_FASP","LK",24,"FASP",2024,"7/8/2024","Sylvia Duke, Raechel Hunsaker","BG",5,0.033,3.333,"bare ground","bare ground","",""
"459","LK_24_FASP","LK",24,"FASP",2024,"7/8/2024","Sylvia Duke, Raechel Hunsaker","DF",5,0.033,3.333,"dead forb","forb","",""
"460","LK_24_FASP","LK",24,"FASP",2024,"7/8/2024","Sylvia Duke, Raechel Hunsaker","VETH",5,0.033,3.333,"Verbascum thapsus","forb","perennial","introduced"
"461","LK_24_FASP","LK",24,"FASP",2024,"7/8/2024","Sylvia Duke, Raechel Hunsaker","ACOC",3,0.02,2,"Achnatherum occidentale ","grass","perennial","native"
"462","LK_24_FASP","LK",24,"FASP",2024,"7/8/2024","Sylvia Duke, Raechel Hunsaker","ACMI",1,0.007,0.667,"Achillea millefolium","forb","perennial","native"
"463","LK_24_FASP","LK",24,"FASP",2024,"7/8/2024","Sylvia Duke, Raechel Hunsaker","BRSI",1,0.007,0.667,"Bromus sitchensis","grass","perennial","native"
"464","LK_24_FASP","LK",24,"FASP",2024,"7/8/2024","Sylvia Duke, Raechel Hunsaker","EPBR",1,0.007,0.667,"Epilobium brachycarpum ","forb","annual","native"
"465","LK_24_FASP","LK",24,"FASP",2024,"7/8/2024","Sylvia Duke, Raechel Hunsaker","ILRI",1,0.007,0.667,"Iliamna rivularis","forb","perennial","native"
"466","LK_24_FASP","LK",24,"FASP",2024,"7/8/2024","Sylvia Duke, Raechel Hunsaker","SCAN",1,0.007,0.667,"Scuttelaria angustifolia ","forb","annual","native"
"467","LK_24_FASP","LK",24,"FASP",2024,"7/8/2024","Sylvia Duke, Raechel Hunsaker","SIAL",1,0.007,0.667,"Sisymbrium altissimum","forb","annual","introduced"
"468","LK_24_FASP","LK",24,"FASP",2024,"7/8/2024","Sylvia Duke, Raechel Hunsaker","TECA",1,0.007,0.667,"Tetradymia canescens","shrub","perennial","native"
"469","LK_25_SU","LK",25,"SU",2024,"7/11/2024","Sylvia Duke, Michael Mancuso","L",85,0.567,56.667,"litter","litter","",""
"470","LK_25_SU","LK",25,"SU",2024,"7/11/2024","Sylvia Duke, Michael Mancuso","BRTE",44,0.293,29.333,"Bromus tectorum","cheatgrass","annual","introduced"
"471","LK_25_SU","LK",25,"SU",2024,"7/11/2024","Sylvia Duke, Michael Mancuso","BG",24,0.16,16,"bare ground","bare ground","",""
"472","LK_25_SU","LK",25,"SU",2024,"7/11/2024","Sylvia Duke, Michael Mancuso","POSE",22,0.147,14.667,"Poa secunda","grass","perennial","native"
"473","LK_25_SU","LK",25,"SU",2024,"7/11/2024","Sylvia Duke, Michael Mancuso","PUTR",14,0.093,9.333,"Purshia tridentata","shrub","perennial","native"
"474","LK_25_SU","LK",25,"SU",2024,"7/11/2024","Sylvia Duke, Michael Mancuso","BASA",10,0.067,6.667,"Balsamorhiza sagittata","forb","perennial","native"
"475","LK_25_SU","LK",25,"SU",2024,"7/11/2024","Sylvia Duke, Michael Mancuso","PSSP",9,0.06,6,"Pseudoroegneria spicata","grass","perennial","native"
"476","LK_25_SU","LK",25,"SU",2024,"7/11/2024","Sylvia Duke, Michael Mancuso","TECA",8,0.053,5.333,"Tetradymia canescens","shrub","perennial","native"
"477","LK_25_SU","LK",25,"SU",2024,"7/11/2024","Sylvia Duke, Michael Mancuso","DICA",2,0.013,1.333,"Dieteria canescens","forb","perennial","native"
"478","LK_25_SU","LK",25,"SU",2024,"7/11/2024","Sylvia Duke, Michael Mancuso","KOMA",2,0.013,1.333,"Koeleria macrantha","grass","perennial","native"
"479","LK_25_SU","LK",25,"SU",2024,"7/11/2024","Sylvia Duke, Michael Mancuso","ACMI",1,0.007,0.667,"Achillea millefolium","forb","perennial","native"
"480","LK_25_SU","LK",25,"SU",2024,"7/11/2024","Sylvia Duke, Michael Mancuso","ACOC",1,0.007,0.667,"Achnatherum occidentale ","grass","perennial","native"
"481","LK_25_SU","LK",25,"SU",2024,"7/11/2024","Sylvia Duke, Michael Mancuso","ARTR",1,0.007,0.667,"Artemisia tridentata vaseyana","shrub","perennial","native"
"482","LK_25_SU","LK",25,"SU",2024,"7/11/2024","Sylvia Duke, Michael Mancuso","ERNA",1,0.007,0.667,"Ericameria nauseosa","shrub","perennial","native"
"483","LK_25_SU","LK",25,"SU",2024,"7/11/2024","Sylvia Duke, Michael Mancuso","Lupinus",1,0.007,0.667,"Lupinus spp","forb","perennial","native"
"484","LK_25_SU","LK",25,"SU",2024,"7/11/2024","Sylvia Duke, Michael Mancuso","PHHO",1,0.007,0.667,"Phlox hoodii","forb","perennial","native"
"485","LK_25_SU","LK",25,"SU",2024,"7/11/2024","Sylvia Duke, Michael Mancuso","SIAL",1,0.007,0.667,"Sisymbrium altissimum","forb","annual","introduced"
"486","LK_25_SU","LK",25,"SU",2024,"7/11/2024","Sylvia Duke, Michael Mancuso","SYRO",1,0.007,0.667,"Symphoricarpos rotundifolius","shrub","perennial","native"
"487","LK_26_SU","LK",26,"SU",2024,"7/11/2024","Raechel Hunsaker, Kelly Hopping","L",125,0.833,83.333,"litter","litter","",""
"488","LK_26_SU","LK",26,"SU",2024,"7/11/2024","Raechel Hunsaker, Kelly Hopping","BRTE",97,0.647,64.667,"Bromus tectorum","cheatgrass","annual","introduced"
"489","LK_26_SU","LK",26,"SU",2024,"7/11/2024","Raechel Hunsaker, Kelly Hopping","SYRO",35,0.233,23.333,"Symphoricarpos rotundifolius","shrub","perennial","native"
"490","LK_26_SU","LK",26,"SU",2024,"7/11/2024","Raechel Hunsaker, Kelly Hopping","ARTR",26,0.173,17.333,"Artemisia tridentata vaseyana","shrub","perennial","native"
"491","LK_26_SU","LK",26,"SU",2024,"7/11/2024","Raechel Hunsaker, Kelly Hopping","PSSP",16,0.107,10.667,"Pseudoroegneria spicata","grass","perennial","native"
"492","LK_26_SU","LK",26,"SU",2024,"7/11/2024","Raechel Hunsaker, Kelly Hopping","BRSI",15,0.1,10,"Bromus sitchensis","grass","perennial","native"
"493","LK_26_SU","LK",26,"SU",2024,"7/11/2024","Raechel Hunsaker, Kelly Hopping","LECI",13,0.087,8.667,"Leymus cinereus","grass","perennial","native"
"494","LK_26_SU","LK",26,"SU",2024,"7/11/2024","Raechel Hunsaker, Kelly Hopping","BASA",12,0.08,8,"Balsamorhiza sagittata","forb","perennial","native"
"495","LK_26_SU","LK",26,"SU",2024,"7/11/2024","Raechel Hunsaker, Kelly Hopping","MARE",4,0.027,2.667,"Mahonia repens","shrub","perennial","native"
"496","LK_26_SU","LK",26,"SU",2024,"7/11/2024","Raechel Hunsaker, Kelly Hopping","PUTR",4,0.027,2.667,"Purshia tridentata","shrub","perennial","native"
"497","LK_26_SU","LK",26,"SU",2024,"7/11/2024","Raechel Hunsaker, Kelly Hopping","BG",3,0.02,2,"bare ground","bare ground","",""
"498","LK_26_SU","LK",26,"SU",2024,"7/11/2024","Raechel Hunsaker, Kelly Hopping","PRVI",3,0.02,2,"Prunus virginiana","shrub","perennial","native"
"499","LK_26_SU","LK",26,"SU",2024,"7/11/2024","Raechel Hunsaker, Kelly Hopping","EPBR",2,0.013,1.333,"Epilobium brachycarpum ","forb","annual","native"
"500","LK_26_SU","LK",26,"SU",2024,"7/11/2024","Raechel Hunsaker, Kelly Hopping","POSE",2,0.013,1.333,"Poa secunda","grass","perennial","native"
"501","LK_26_SU","LK",26,"SU",2024,"7/11/2024","Raechel Hunsaker, Kelly Hopping","CAGE",1,0.007,0.667,"Carex geyeri ","sedge","perennial","native"
"502","LK_26_SU","LK",26,"SU",2024,"7/11/2024","Raechel Hunsaker, Kelly Hopping","GEVI",1,0.007,0.667,"Geranium viscosissimum","forb","perennial","native"
"503","LK_26_SU","LK",26,"SU",2024,"7/11/2024","Raechel Hunsaker, Kelly Hopping","PHHA",1,0.007,0.667,"Phacelia hastata","forb","perennial","native"
"504","LK_26_SU","LK",26,"SU",2024,"7/11/2024","Raechel Hunsaker, Kelly Hopping","SIAL",1,0.007,0.667,"Sisymbrium altissimum","forb","annual","introduced"
"505","LK_26_SU","LK",26,"SU",2024,"7/11/2024","Raechel Hunsaker, Kelly Hopping","W",1,0.007,0.667,"wood","wood","",""
"506","LK_27_SU","LK",27,"SU",2024,"7/10/2024","Raechel Hunsaker, Joanna Pincock","L",114,0.76,76,"litter","litter","",""
"507","LK_27_SU","LK",27,"SU",2024,"7/10/2024","Raechel Hunsaker, Joanna Pincock","BRTE",85,0.567,56.667,"Bromus tectorum","cheatgrass","annual","introduced"
"508","LK_27_SU","LK",27,"SU",2024,"7/10/2024","Raechel Hunsaker, Joanna Pincock","PSSP",26,0.173,17.333,"Pseudoroegneria spicata","grass","perennial","native"
"509","LK_27_SU","LK",27,"SU",2024,"7/10/2024","Raechel Hunsaker, Joanna Pincock","PUTR",19,0.127,12.667,"Purshia tridentata","shrub","perennial","native"
"510","LK_27_SU","LK",27,"SU",2024,"7/10/2024","Raechel Hunsaker, Joanna Pincock","ARTR",13,0.087,8.667,"Artemisia tridentata vaseyana","shrub","perennial","native"
"511","LK_27_SU","LK",27,"SU",2024,"7/10/2024","Raechel Hunsaker, Joanna Pincock","SYRO",13,0.087,8.667,"Symphoricarpos rotundifolius","shrub","perennial","native"
"512","LK_27_SU","LK",27,"SU",2024,"7/10/2024","Raechel Hunsaker, Joanna Pincock","BASA",8,0.053,5.333,"Balsamorhiza sagittata","forb","perennial","native"
"513","LK_27_SU","LK",27,"SU",2024,"7/10/2024","Raechel Hunsaker, Joanna Pincock","CEVE",7,0.047,4.667,"Ceanothus velutinus","shrub","perennial","native"
"514","LK_27_SU","LK",27,"SU",2024,"7/10/2024","Raechel Hunsaker, Joanna Pincock","BG",6,0.04,4,"bare ground","bare ground","",""
"515","LK_27_SU","LK",27,"SU",2024,"7/10/2024","Raechel Hunsaker, Joanna Pincock","BRSI",6,0.04,4,"Bromus sitchensis","grass","perennial","native"
"516","LK_27_SU","LK",27,"SU",2024,"7/10/2024","Raechel Hunsaker, Joanna Pincock","LECI",6,0.04,4,"Leymus cinereus","grass","perennial","native"
"517","LK_27_SU","LK",27,"SU",2024,"7/10/2024","Raechel Hunsaker, Joanna Pincock","POSE",5,0.033,3.333,"Poa secunda","grass","perennial","native"
"518","LK_27_SU","LK",27,"SU",2024,"7/10/2024","Raechel Hunsaker, Joanna Pincock","KOMA",3,0.02,2,"Koeleria macrantha","grass","perennial","native"
"519","LK_27_SU","LK",27,"SU",2024,"7/10/2024","Raechel Hunsaker, Joanna Pincock","ACNE",2,0.013,1.333,"Achnatherum nelsonii","grass","perennial","native"
"520","LK_27_SU","LK",27,"SU",2024,"7/10/2024","Raechel Hunsaker, Joanna Pincock","CAGE",2,0.013,1.333,"Carex geyeri ","sedge","perennial","native"
"521","LK_27_SU","LK",27,"SU",2024,"7/10/2024","Raechel Hunsaker, Joanna Pincock","LALO",2,0.013,1.333,"Lappula longispina","forb","annual","native"
"522","LK_27_SU","LK",27,"SU",2024,"7/10/2024","Raechel Hunsaker, Joanna Pincock","GEVI",1,0.007,0.667,"Geranium viscosissimum","forb","perennial","native"
"523","LK_27_SU","LK",27,"SU",2024,"7/10/2024","Raechel Hunsaker, Joanna Pincock","HEUN",1,0.007,0.667,"Helianthella uniflora","forb","perennial","native"
"524","LK_27_SU","LK",27,"SU",2024,"7/10/2024","Raechel Hunsaker, Joanna Pincock","PHHA",1,0.007,0.667,"Phacelia hastata","forb","perennial","native"
"525","LK_27_SU","LK",27,"SU",2024,"7/10/2024","Raechel Hunsaker, Joanna Pincock","SCAN",1,0.007,0.667,"Scuttelaria angustifolia ","forb","annual","native"
"526","LK_27_SU","LK",27,"SU",2024,"7/10/2024","Raechel Hunsaker, Joanna Pincock","W",1,0.007,0.667,"wood","wood","",""
"527","LK_28_SU","LK",28,"SU",2024,"7/10/2024","Raechel Hunsaker, Joanna Pincock","L",115,0.767,76.667,"litter","litter","",""
"528","LK_28_SU","LK",28,"SU",2024,"7/10/2024","Raechel Hunsaker, Joanna Pincock","BRTE",85,0.567,56.667,"Bromus tectorum","cheatgrass","annual","introduced"
"529","LK_28_SU","LK",28,"SU",2024,"7/10/2024","Raechel Hunsaker, Joanna Pincock","CEVE",48,0.32,32,"Ceanothus velutinus","shrub","perennial","native"
"530","LK_28_SU","LK",28,"SU",2024,"7/10/2024","Raechel Hunsaker, Joanna Pincock","SYRO",14,0.093,9.333,"Symphoricarpos rotundifolius","shrub","perennial","native"
"531","LK_28_SU","LK",28,"SU",2024,"7/10/2024","Raechel Hunsaker, Joanna Pincock","VETH",11,0.073,7.333,"Verbascum thapsus","forb","perennial","introduced"
"532","LK_28_SU","LK",28,"SU",2024,"7/10/2024","Raechel Hunsaker, Joanna Pincock","BG",9,0.06,6,"bare ground","bare ground","",""
"533","LK_28_SU","LK",28,"SU",2024,"7/10/2024","Raechel Hunsaker, Joanna Pincock","POSE",9,0.06,6,"Poa secunda","grass","perennial","native"
"534","LK_28_SU","LK",28,"SU",2024,"7/10/2024","Raechel Hunsaker, Joanna Pincock","PUTR",9,0.06,6,"Purshia tridentata","shrub","perennial","native"
"535","LK_28_SU","LK",28,"SU",2024,"7/10/2024","Raechel Hunsaker, Joanna Pincock","SCAN",7,0.047,4.667,"Scuttelaria angustifolia ","forb","annual","native"
"536","LK_28_SU","LK",28,"SU",2024,"7/10/2024","Raechel Hunsaker, Joanna Pincock","PHHA",4,0.027,2.667,"Phacelia hastata","forb","perennial","native"
"537","LK_28_SU","LK",28,"SU",2024,"7/10/2024","Raechel Hunsaker, Joanna Pincock","PRVI",4,0.027,2.667,"Prunus virginiana","shrub","perennial","native"
"538","LK_28_SU","LK",28,"SU",2024,"7/10/2024","Raechel Hunsaker, Joanna Pincock","PSSP",4,0.027,2.667,"Pseudoroegneria spicata","grass","perennial","native"
"539","LK_28_SU","LK",28,"SU",2024,"7/10/2024","Raechel Hunsaker, Joanna Pincock","ARTR",3,0.02,2,"Artemisia tridentata vaseyana","shrub","perennial","native"
"540","LK_28_SU","LK",28,"SU",2024,"7/10/2024","Raechel Hunsaker, Joanna Pincock","DF",3,0.02,2,"dead forb","forb","",""
"541","LK_28_SU","LK",28,"SU",2024,"7/10/2024","Raechel Hunsaker, Joanna Pincock","LECI",2,0.013,1.333,"Leymus cinereus","grass","perennial","native"
"542","LK_28_SU","LK",28,"SU",2024,"7/10/2024","Raechel Hunsaker, Joanna Pincock","DICA",1,0.007,0.667,"Dieteria canescens","forb","perennial","native"
"543","LK_28_SU","LK",28,"SU",2024,"7/10/2024","Raechel Hunsaker, Joanna Pincock","DRAR",1,0.007,0.667,"Drymocallis arguta ","forb","perennial","native"
"544","LK_28_SU","LK",28,"SU",2024,"7/10/2024","Raechel Hunsaker, Joanna Pincock","EPBR",1,0.007,0.667,"Epilobium brachycarpum ","forb","annual","native"
"545","LK_28_SU","LK",28,"SU",2024,"7/10/2024","Raechel Hunsaker, Joanna Pincock","SIAL",1,0.007,0.667,"Sisymbrium altissimum","forb","annual","introduced"
"546","LK_28_SU","LK",28,"SU",2024,"7/10/2024","Raechel Hunsaker, Joanna Pincock","W",1,0.007,0.667,"wood","wood","",""
"547","LK_29_FA","LK",29,"FA",2024,"7/8/2024","Kelly Hopping, Maddi Sorrentino, Claire Ternes, Naomi Shapiro","L",73,0.487,48.667,"litter","litter","",""
"548","LK_29_FA","LK",29,"FA",2024,"7/8/2024","Kelly Hopping, Maddi Sorrentino, Claire Ternes, Naomi Shapiro","BG",43,0.287,28.667,"bare ground","bare ground","",""
"549","LK_29_FA","LK",29,"FA",2024,"7/8/2024","Kelly Hopping, Maddi Sorrentino, Claire Ternes, Naomi Shapiro","BRTE",32,0.213,21.333,"Bromus tectorum","cheatgrass","annual","introduced"
"550","LK_29_FA","LK",29,"FA",2024,"7/8/2024","Kelly Hopping, Maddi Sorrentino, Claire Ternes, Naomi Shapiro","POSE",29,0.193,19.333,"Poa secunda","grass","perennial","native"
"551","LK_29_FA","LK",29,"FA",2024,"7/8/2024","Kelly Hopping, Maddi Sorrentino, Claire Ternes, Naomi Shapiro","TRDU",11,0.073,7.333,"Tragopogon dubius","forb","annual","introduced"
"552","LK_29_FA","LK",29,"FA",2024,"7/8/2024","Kelly Hopping, Maddi Sorrentino, Claire Ternes, Naomi Shapiro","PUTR",10,0.067,6.667,"Purshia tridentata","shrub","perennial","native"
"553","LK_29_FA","LK",29,"FA",2024,"7/8/2024","Kelly Hopping, Maddi Sorrentino, Claire Ternes, Naomi Shapiro","PSSP",6,0.04,4,"Pseudoroegneria spicata","grass","perennial","native"
"554","LK_29_FA","LK",29,"FA",2024,"7/8/2024","Kelly Hopping, Maddi Sorrentino, Claire Ternes, Naomi Shapiro","CHJU",2,0.013,1.333,"Chondrilla juncea","forb","perennial","introduced"
"555","LK_29_FA","LK",29,"FA",2024,"7/8/2024","Kelly Hopping, Maddi Sorrentino, Claire Ternes, Naomi Shapiro","AGGL",1,0.007,0.667,"Agoseris glauca","forb","perennial","native"
"556","LK_29_FA","LK",29,"FA",2024,"7/8/2024","Kelly Hopping, Maddi Sorrentino, Claire Ternes, Naomi Shapiro","AGGR",1,0.007,0.667,"Agoseris grandiflora","forb","perennial","native"
"557","LK_29_FA","LK",29,"FA",2024,"7/8/2024","Kelly Hopping, Maddi Sorrentino, Claire Ternes, Naomi Shapiro","BRSI",1,0.007,0.667,"Bromus sitchensis","grass","perennial","native"
"558","LK_29_FA","LK",29,"FA",2024,"7/8/2024","Kelly Hopping, Maddi Sorrentino, Claire Ternes, Naomi Shapiro","DF",1,0.007,0.667,"dead forb","forb","",""
"559","LK_29_FA","LK",29,"FA",2024,"7/8/2024","Kelly Hopping, Maddi Sorrentino, Claire Ternes, Naomi Shapiro","Gayophytum",1,0.007,0.667,"Gayophytum spp","forb","annual","native"
"560","LK_29_FA","LK",29,"FA",2024,"7/8/2024","Kelly Hopping, Maddi Sorrentino, Claire Ternes, Naomi Shapiro","LASE",1,0.007,0.667,"Lactuca serriola","forb","annual","introduced"
"561","LK_29_FA","LK",29,"FA",2024,"7/8/2024","Kelly Hopping, Maddi Sorrentino, Claire Ternes, Naomi Shapiro","LECI",1,0.007,0.667,"Leymus cinereus","grass","perennial","native"
"562","LK_29_FA","LK",29,"FA",2024,"7/8/2024","Kelly Hopping, Maddi Sorrentino, Claire Ternes, Naomi Shapiro","LUAR",1,0.007,0.667,"Lupinus argenteus var. holosericeus ","forb","perennial","native"
"563","LK_29_FA","LK",29,"FA",2024,"7/8/2024","Kelly Hopping, Maddi Sorrentino, Claire Ternes, Naomi Shapiro","MAGR",1,0.007,0.667,"Madia gracilis","forb","annual","native"
"564","LK_29_FA","LK",29,"FA",2024,"7/8/2024","Kelly Hopping, Maddi Sorrentino, Claire Ternes, Naomi Shapiro","TECA",1,0.007,0.667,"Tetradymia canescens","shrub","perennial","native"
"565","LK_29_FA","LK",29,"FA",2024,"7/8/2024","Kelly Hopping, Maddi Sorrentino, Claire Ternes, Naomi Shapiro","unknown grass",1,0.007,0.667,"unknown grass","grass","",""
"566","LK_30_FA","LK",30,"FA",2024,"7/8/2024","Kelly Hopping, Maddi Sorrentino","L",104,0.693,69.333,"litter","litter","",""
"567","LK_30_FA","LK",30,"FA",2024,"7/8/2024","Kelly Hopping, Maddi Sorrentino","BRTE",75,0.5,50,"Bromus tectorum","cheatgrass","annual","introduced"
"568","LK_30_FA","LK",30,"FA",2024,"7/8/2024","Kelly Hopping, Maddi Sorrentino","VETH",15,0.1,10,"Verbascum thapsus","forb","perennial","introduced"
"569","LK_30_FA","LK",30,"FA",2024,"7/8/2024","Kelly Hopping, Maddi Sorrentino","POSE",14,0.093,9.333,"Poa secunda","grass","perennial","native"
"570","LK_30_FA","LK",30,"FA",2024,"7/8/2024","Kelly Hopping, Maddi Sorrentino","PSSP",12,0.08,8,"Pseudoroegneria spicata","grass","perennial","native"
"571","LK_30_FA","LK",30,"FA",2024,"7/8/2024","Kelly Hopping, Maddi Sorrentino","BG",11,0.073,7.333,"bare ground","bare ground","",""
"572","LK_30_FA","LK",30,"FA",2024,"7/8/2024","Kelly Hopping, Maddi Sorrentino","PUTR",11,0.073,7.333,"Purshia tridentata","shrub","perennial","native"
"573","LK_30_FA","LK",30,"FA",2024,"7/8/2024","Kelly Hopping, Maddi Sorrentino","LECI",5,0.033,3.333,"Leymus cinereus","grass","perennial","native"
"574","LK_30_FA","LK",30,"FA",2024,"7/8/2024","Kelly Hopping, Maddi Sorrentino","PHHA",4,0.027,2.667,"Phacelia hastata","forb","perennial","native"
"575","LK_30_FA","LK",30,"FA",2024,"7/8/2024","Kelly Hopping, Maddi Sorrentino","ACTH",3,0.02,2,"Achnatherum thurberianum ","grass","perennial","native"
"576","LK_30_FA","LK",30,"FA",2024,"7/8/2024","Kelly Hopping, Maddi Sorrentino","LULE",3,0.02,2,"Lupinus leucophyllus ","forb","perennial","native"
"577","LK_30_FA","LK",30,"FA",2024,"7/8/2024","Kelly Hopping, Maddi Sorrentino","MEBU",3,0.02,2,"Melica bulbosa","grass","perennial","native"
"578","LK_30_FA","LK",30,"FA",2024,"7/8/2024","Kelly Hopping, Maddi Sorrentino","TECA",2,0.013,1.333,"Tetradymia canescens","shrub","perennial","native"
"579","LK_30_FA","LK",30,"FA",2024,"7/8/2024","Kelly Hopping, Maddi Sorrentino","BASA",1,0.007,0.667,"Balsamorhiza sagittata","forb","perennial","native"
"580","LK_30_FA","LK",30,"FA",2024,"7/8/2024","Kelly Hopping, Maddi Sorrentino","CHJU",1,0.007,0.667,"Chondrilla juncea","forb","perennial","introduced"
"581","LK_30_FA","LK",30,"FA",2024,"7/8/2024","Kelly Hopping, Maddi Sorrentino","ERNA",1,0.007,0.667,"Ericameria nauseosa","shrub","perennial","native"
"582","LK_30_FA","LK",30,"FA",2024,"7/8/2024","Kelly Hopping, Maddi Sorrentino","PRVI",1,0.007,0.667,"Prunus virginiana","shrub","perennial","native"
"583","LK_30_FA","LK",30,"FA",2024,"7/8/2024","Kelly Hopping, Maddi Sorrentino","TRDU",1,0.007,0.667,"Tragopogon dubius","forb","annual","introduced"
"584","LK_31_FA","LK",31,"FA",2024,"7/11/2024","Michael Mancuso, Arden Engel, Joanna Pincock, Mallory Hinton","L",113,0.753,75.333,"litter","litter","",""
"585","LK_31_FA","LK",31,"FA",2024,"7/11/2024","Michael Mancuso, Arden Engel, Joanna Pincock, Mallory Hinton","BRTE",56,0.373,37.333,"Bromus tectorum","cheatgrass","annual","introduced"
"586","LK_31_FA","LK",31,"FA",2024,"7/11/2024","Michael Mancuso, Arden Engel, Joanna Pincock, Mallory Hinton","PUTR",21,0.14,14,"Purshia tridentata","shrub","perennial","native"
"587","LK_31_FA","LK",31,"FA",2024,"7/11/2024","Michael Mancuso, Arden Engel, Joanna Pincock, Mallory Hinton","BG",16,0.107,10.667,"bare ground","bare ground","",""
"588","LK_31_FA","LK",31,"FA",2024,"7/11/2024","Michael Mancuso, Arden Engel, Joanna Pincock, Mallory Hinton","ARTR",15,0.1,10,"Artemisia tridentata vaseyana","shrub","perennial","native"
"589","LK_31_FA","LK",31,"FA",2024,"7/11/2024","Michael Mancuso, Arden Engel, Joanna Pincock, Mallory Hinton","PSSP",15,0.1,10,"Pseudoroegneria spicata","grass","perennial","native"
"590","LK_31_FA","LK",31,"FA",2024,"7/11/2024","Michael Mancuso, Arden Engel, Joanna Pincock, Mallory Hinton","POSE",9,0.06,6,"Poa secunda","grass","perennial","native"
"591","LK_31_FA","LK",31,"FA",2024,"7/11/2024","Michael Mancuso, Arden Engel, Joanna Pincock, Mallory Hinton","MARE",7,0.047,4.667,"Mahonia repens","shrub","perennial","native"
"592","LK_31_FA","LK",31,"FA",2024,"7/11/2024","Michael Mancuso, Arden Engel, Joanna Pincock, Mallory Hinton","GADI",6,0.04,4,"Gayophytum diffusum ","forb","annual","native"
"593","LK_31_FA","LK",31,"FA",2024,"7/11/2024","Michael Mancuso, Arden Engel, Joanna Pincock, Mallory Hinton","AMAL",5,0.033,3.333,"Amelanchier alnifolia","shrub","perennial","native"
"594","LK_31_FA","LK",31,"FA",2024,"7/11/2024","Michael Mancuso, Arden Engel, Joanna Pincock, Mallory Hinton","PRVI",5,0.033,3.333,"Prunus virginiana","shrub","perennial","native"
"595","LK_31_FA","LK",31,"FA",2024,"7/11/2024","Michael Mancuso, Arden Engel, Joanna Pincock, Mallory Hinton","SYRO",5,0.033,3.333,"Symphoricarpos rotundifolius","shrub","perennial","native"
"596","LK_31_FA","LK",31,"FA",2024,"7/11/2024","Michael Mancuso, Arden Engel, Joanna Pincock, Mallory Hinton","DF",3,0.02,2,"dead forb","forb","",""
"597","LK_31_FA","LK",31,"FA",2024,"7/11/2024","Michael Mancuso, Arden Engel, Joanna Pincock, Mallory Hinton","MAGR",3,0.02,2,"Madia gracilis","forb","annual","native"
"598","LK_31_FA","LK",31,"FA",2024,"7/11/2024","Michael Mancuso, Arden Engel, Joanna Pincock, Mallory Hinton","BRAR",2,0.013,1.333,"Bromus arvensis","grass","annual","introduced"
"599","LK_31_FA","LK",31,"FA",2024,"7/11/2024","Michael Mancuso, Arden Engel, Joanna Pincock, Mallory Hinton","LULE",2,0.013,1.333,"Lupinus leucophyllus ","forb","perennial","native"
"600","LK_31_FA","LK",31,"FA",2024,"7/11/2024","Michael Mancuso, Arden Engel, Joanna Pincock, Mallory Hinton","PHHA",2,0.013,1.333,"Phacelia hastata","forb","perennial","native"
"601","LK_31_FA","LK",31,"FA",2024,"7/11/2024","Michael Mancuso, Arden Engel, Joanna Pincock, Mallory Hinton","W",2,0.013,1.333,"wood","wood","",""
"602","LK_31_FA","LK",31,"FA",2024,"7/11/2024","Michael Mancuso, Arden Engel, Joanna Pincock, Mallory Hinton","ACNE",1,0.007,0.667,"Achnatherum nelsonii","grass","perennial","native"
"603","LK_31_FA","LK",31,"FA",2024,"7/11/2024","Michael Mancuso, Arden Engel, Joanna Pincock, Mallory Hinton","DICA",1,0.007,0.667,"Dieteria canescens","forb","perennial","native"
"604","LK_31_FA","LK",31,"FA",2024,"7/11/2024","Michael Mancuso, Arden Engel, Joanna Pincock, Mallory Hinton","HISC",1,0.007,0.667,"Hieracium scouleri","forb","perennial","native"
"605","LK_31_FA","LK",31,"FA",2024,"7/11/2024","Michael Mancuso, Arden Engel, Joanna Pincock, Mallory Hinton","MEBU",1,0.007,0.667,"Melica bulbosa","grass","perennial","native"
"606","LK_31_FA","LK",31,"FA",2024,"7/11/2024","Michael Mancuso, Arden Engel, Joanna Pincock, Mallory Hinton","PELA",1,0.007,0.667,"Penstemon laxus ","forb","perennial","native"
"607","LK_31_FA","LK",31,"FA",2024,"7/11/2024","Michael Mancuso, Arden Engel, Joanna Pincock, Mallory Hinton","PIEX",1,0.007,0.667,"Piptatheropsis exigua","grass","perennial","native"
"608","LK_31_FA","LK",31,"FA",2024,"7/11/2024","Michael Mancuso, Arden Engel, Joanna Pincock, Mallory Hinton","POPR",1,0.007,0.667,"Poa pratensis","grass","perennial","both"
"609","LK_31_FA","LK",31,"FA",2024,"7/11/2024","Michael Mancuso, Arden Engel, Joanna Pincock, Mallory Hinton","SCAN",1,0.007,0.667,"Scuttelaria angustifolia ","forb","annual","native"
"610","LK_32_FA","LK",32,"FA",2024,"7/11/2024","Michael Mancuso, Arden Engel, Joanna Pincock, Mallory Hinton","L",124,0.827,82.667,"litter","litter","",""
"611","LK_32_FA","LK",32,"FA",2024,"7/11/2024","Michael Mancuso, Arden Engel, Joanna Pincock, Mallory Hinton","POSE",45,0.3,30,"Poa secunda","grass","perennial","native"
"612","LK_32_FA","LK",32,"FA",2024,"7/11/2024","Michael Mancuso, Arden Engel, Joanna Pincock, Mallory Hinton","BRTE",43,0.287,28.667,"Bromus tectorum","cheatgrass","annual","introduced"
"613","LK_32_FA","LK",32,"FA",2024,"7/11/2024","Michael Mancuso, Arden Engel, Joanna Pincock, Mallory Hinton","PUTR",25,0.167,16.667,"Purshia tridentata","shrub","perennial","native"
"614","LK_32_FA","LK",32,"FA",2024,"7/11/2024","Michael Mancuso, Arden Engel, Joanna Pincock, Mallory Hinton","DF",7,0.047,4.667,"dead forb","forb","",""
"615","LK_32_FA","LK",32,"FA",2024,"7/11/2024","Michael Mancuso, Arden Engel, Joanna Pincock, Mallory Hinton","BG",5,0.033,3.333,"bare ground","bare ground","",""
"616","LK_32_FA","LK",32,"FA",2024,"7/11/2024","Michael Mancuso, Arden Engel, Joanna Pincock, Mallory Hinton","PSSP",5,0.033,3.333,"Pseudoroegneria spicata","grass","perennial","native"
"617","LK_32_FA","LK",32,"FA",2024,"7/11/2024","Michael Mancuso, Arden Engel, Joanna Pincock, Mallory Hinton","PRVI",3,0.02,2,"Prunus virginiana","shrub","perennial","native"
"618","LK_32_FA","LK",32,"FA",2024,"7/11/2024","Michael Mancuso, Arden Engel, Joanna Pincock, Mallory Hinton","W",3,0.02,2,"wood","wood","",""
"619","LK_32_FA","LK",32,"FA",2024,"7/11/2024","Michael Mancuso, Arden Engel, Joanna Pincock, Mallory Hinton","Lupinus",2,0.013,1.333,"Lupinus spp","forb","perennial","native"
"620","LK_32_FA","LK",32,"FA",2024,"7/11/2024","Michael Mancuso, Arden Engel, Joanna Pincock, Mallory Hinton","SIAL",2,0.013,1.333,"Sisymbrium altissimum","forb","annual","introduced"
"621","LK_32_FA","LK",32,"FA",2024,"7/11/2024","Michael Mancuso, Arden Engel, Joanna Pincock, Mallory Hinton","ALDE",1,0.007,0.667,"Alyssum desertorum","forb","annual","introduced"
"622","LK_32_FA","LK",32,"FA",2024,"7/11/2024","Michael Mancuso, Arden Engel, Joanna Pincock, Mallory Hinton","ARTR",1,0.007,0.667,"Artemisia tridentata vaseyana","shrub","perennial","native"
"623","LK_32_FA","LK",32,"FA",2024,"7/11/2024","Michael Mancuso, Arden Engel, Joanna Pincock, Mallory Hinton","BASA",1,0.007,0.667,"Balsamorhiza sagittata","forb","perennial","native"
"624","LK_32_FA","LK",32,"FA",2024,"7/11/2024","Michael Mancuso, Arden Engel, Joanna Pincock, Mallory Hinton","EPBR",1,0.007,0.667,"Epilobium brachycarpum ","forb","annual","native"
"625","LK_32_FA","LK",32,"FA",2024,"7/11/2024","Michael Mancuso, Arden Engel, Joanna Pincock, Mallory Hinton","GADI",1,0.007,0.667,"Gayophytum diffusum ","forb","annual","native"
"626","LK_32_FA","LK",32,"FA",2024,"7/11/2024","Michael Mancuso, Arden Engel, Joanna Pincock, Mallory Hinton","KOMA",1,0.007,0.667,"Koeleria macrantha","grass","perennial","native"
"627","LK_32_FA","LK",32,"FA",2024,"7/11/2024","Michael Mancuso, Arden Engel, Joanna Pincock, Mallory Hinton","LECI",1,0.007,0.667,"Leymus cinereus","grass","perennial","native"
"628","LK_32_FA","LK",32,"FA",2024,"7/11/2024","Michael Mancuso, Arden Engel, Joanna Pincock, Mallory Hinton","MAGR",1,0.007,0.667,"Madia gracilis","forb","annual","native"
"629","LK_32_FA","LK",32,"FA",2024,"7/11/2024","Michael Mancuso, Arden Engel, Joanna Pincock, Mallory Hinton","MEBU",1,0.007,0.667,"Melica bulbosa","grass","perennial","native"
"630","LK_32_FA","LK",32,"FA",2024,"7/11/2024","Michael Mancuso, Arden Engel, Joanna Pincock, Mallory Hinton","PHHA",1,0.007,0.667,"Phacelia hastata","forb","perennial","native"
"631","LK_32_FA","LK",32,"FA",2024,"7/11/2024","Michael Mancuso, Arden Engel, Joanna Pincock, Mallory Hinton","SCAN",1,0.007,0.667,"Scuttelaria angustifolia ","forb","annual","native"
"632","LK_32_FA","LK",32,"FA",2024,"7/11/2024","Michael Mancuso, Arden Engel, Joanna Pincock, Mallory Hinton","SYRO",1,0.007,0.667,"Symphoricarpos rotundifolius","shrub","perennial","native"
"633","LK_32_FA","LK",32,"FA",2024,"7/11/2024","Michael Mancuso, Arden Engel, Joanna Pincock, Mallory Hinton","TRDU",1,0.007,0.667,"Tragopogon dubius","forb","annual","introduced"
